Order_ID,Order_Date,Region,Product,Sales_Amount
1,01-01-2024 00:00,East,Tablet,9935
2,01-01-2024 01:00,West,Headphones,38266
3,01-01-2024 02:00,North,Mobile,662
4,01-01-2024 03:00,East,Headphones,35242
5,01-01-2024 04:00,East,Headphones,20175
6,01-01-2024 05:00,West,Tablet,8961
7,01-01-2024 06:00,North,Headphones,17515
8,01-01-2024 07:00,North,Tablet,33091
9,01-01-2024 08:00,East,Laptop,28547
10,01-01-2024 09:00,South,Laptop,35282
11,01-01-2024 10:00,East,Tablet,10333
12,01-01-2024 11:00,East,Laptop,8396
13,01-01-2024 12:00,East,Mobile,33472
14,01-01-2024 13:00,East,Headphones,42300
15,01-01-2024 14:00,West,Mobile,31008
16,01-01-2024 15:00,North,Headphones,5847
17,01-01-2024 16:00,West,Laptop,30814
18,01-01-2024 17:00,West,Mobile,3143
19,01-01-2024 18:00,West,Laptop,41285
20,01-01-2024 19:00,East,Headphones,19181
21,01-01-2024 20:00,South,Tablet,38828
22,01-01-2024 21:00,North,Tablet,16392
23,01-01-2024 22:00,South,Mobile,47799
24,01-01-2024 23:00,West,Laptop,17573
25,02-01-2024 00:00,West,Laptop,37268
26,02-01-2024 01:00,South,Mobile,31182
27,02-01-2024 02:00,South,Tablet,32762
28,02-01-2024 03:00,South,Headphones,31858
29,02-01-2024 04:00,West,Mobile,14789
30,02-01-2024 05:00,West,Headphones,8427
31,02-01-2024 06:00,North,Tablet,48830
32,02-01-2024 07:00,North,Laptop,1671
33,02-01-2024 08:00,West,Tablet,12418
34,02-01-2024 09:00,South,Mobile,42403
35,02-01-2024 10:00,South,Laptop,39610
36,02-01-2024 11:00,North,Mobile,12429
37,02-01-2024 12:00,West,Mobile,3039
38,02-01-2024 13:00,North,Tablet,37227
39,02-01-2024 14:00,North,Mobile,46451
40,02-01-2024 15:00,East,Tablet,23169
41,02-01-2024 16:00,East,Laptop,5932
42,02-01-2024 17:00,East,Tablet,21144
43,02-01-2024 18:00,South,Laptop,19245
44,02-01-2024 19:00,West,Tablet,28728
45,02-01-2024 20:00,West,Headphones,35021
46,02-01-2024 21:00,West,Headphones,32203
47,02-01-2024 22:00,West,Mobile,27428
48,02-01-2024 23:00,East,Tablet,18822
49,03-01-2024 00:00,South,Tablet,22860
50,03-01-2024 01:00,South,Laptop,29555
51,03-01-2024 02:00,East,Mobile,43391
52,03-01-2024 03:00,South,Tablet,16876
53,03-01-2024 04:00,East,Mobile,7088
54,03-01-2024 05:00,West,Headphones,25500
55,03-01-2024 06:00,East,Tablet,6804
56,03-01-2024 07:00,West,Tablet,7845
57,03-01-2024 08:00,West,Mobile,29800
58,03-01-2024 09:00,North,Tablet,24759
59,03-01-2024 10:00,East,Mobile,25970
60,03-01-2024 11:00,North,Tablet,23517
61,03-01-2024 12:00,East,Laptop,15852
62,03-01-2024 13:00,East,Mobile,33865
63,03-01-2024 14:00,North,Tablet,19946
64,03-01-2024 15:00,North,Headphones,2836
65,03-01-2024 16:00,East,Tablet,10379
66,03-01-2024 17:00,South,Headphones,32816
67,03-01-2024 18:00,West,Headphones,33840
68,03-01-2024 19:00,North,Laptop,8021
69,03-01-2024 20:00,West,Mobile,6671
70,03-01-2024 21:00,South,Tablet,23981
71,03-01-2024 22:00,South,Laptop,18974
72,03-01-2024 23:00,South,Tablet,47260
73,04-01-2024 00:00,North,Headphones,45129
74,04-01-2024 01:00,South,Mobile,45732
75,04-01-2024 02:00,North,Tablet,21508
76,04-01-2024 03:00,South,Tablet,2133
77,04-01-2024 04:00,West,Headphones,12985
78,04-01-2024 05:00,West,Tablet,44117
79,04-01-2024 06:00,East,Tablet,4148
80,04-01-2024 07:00,West,Headphones,48445
81,04-01-2024 08:00,East,Laptop,13640
82,04-01-2024 09:00,West,Headphones,18421
83,04-01-2024 10:00,North,Laptop,14857
84,04-01-2024 11:00,West,Mobile,46636
85,04-01-2024 12:00,East,Laptop,3637
86,04-01-2024 13:00,East,Laptop,597
87,04-01-2024 14:00,South,Mobile,11907
88,04-01-2024 15:00,North,Laptop,31075
89,04-01-2024 16:00,West,Headphones,13222
90,04-01-2024 17:00,South,Laptop,13424
91,04-01-2024 18:00,West,Mobile,4250
92,04-01-2024 19:00,West,Headphones,28233
93,04-01-2024 20:00,South,Mobile,9035
94,04-01-2024 21:00,South,Mobile,24987
95,04-01-2024 22:00,South,Tablet,31151
96,04-01-2024 23:00,South,Tablet,5166
97,05-01-2024 00:00,South,Mobile,49277
98,05-01-2024 01:00,West,Mobile,17494
99,05-01-2024 02:00,South,Mobile,2227
100,05-01-2024 03:00,North,Tablet,35122
101,05-01-2024 04:00,East,Tablet,11300
102,05-01-2024 05:00,South,Laptop,38323
103,05-01-2024 06:00,South,Laptop,43539
104,05-01-2024 07:00,West,Mobile,19208
105,05-01-2024 08:00,South,Headphones,13319
106,05-01-2024 09:00,South,Headphones,9869
107,05-01-2024 10:00,South,Tablet,9783
108,05-01-2024 11:00,West,Tablet,31073
109,05-01-2024 12:00,South,Tablet,13671
110,05-01-2024 13:00,East,Mobile,31433
111,05-01-2024 14:00,West,Headphones,6274
112,05-01-2024 15:00,East,Laptop,7019
113,05-01-2024 16:00,West,Mobile,11483
114,05-01-2024 17:00,South,Laptop,31432
115,05-01-2024 18:00,East,Laptop,31298
116,05-01-2024 19:00,West,Mobile,18633
117,05-01-2024 20:00,North,Laptop,15439
118,05-01-2024 21:00,South,Headphones,1281
119,05-01-2024 22:00,West,Laptop,49550
120,05-01-2024 23:00,North,Headphones,28124
121,06-01-2024 00:00,West,Headphones,7323
122,06-01-2024 01:00,North,Headphones,18989
123,06-01-2024 02:00,South,Tablet,40461
124,06-01-2024 03:00,East,Laptop,29618
125,06-01-2024 04:00,North,Mobile,35381
126,06-01-2024 05:00,West,Mobile,16780
127,06-01-2024 06:00,South,Laptop,22763
128,06-01-2024 07:00,North,Tablet,14065
129,06-01-2024 08:00,West,Tablet,20854
130,06-01-2024 09:00,West,Headphones,43451
131,06-01-2024 10:00,West,Laptop,26143
132,06-01-2024 11:00,North,Laptop,24148
133,06-01-2024 12:00,North,Mobile,42471
134,06-01-2024 13:00,North,Laptop,19158
135,06-01-2024 14:00,East,Tablet,21753
136,06-01-2024 15:00,North,Laptop,49063
137,06-01-2024 16:00,North,Mobile,26890
138,06-01-2024 17:00,North,Headphones,23628
139,06-01-2024 18:00,East,Mobile,13989
140,06-01-2024 19:00,North,Mobile,38814
141,06-01-2024 20:00,West,Headphones,33158
142,06-01-2024 21:00,North,Mobile,7352
143,06-01-2024 22:00,West,Mobile,29950
144,06-01-2024 23:00,West,Laptop,3051
145,07-01-2024 00:00,West,Laptop,6911
146,07-01-2024 01:00,East,Headphones,49659
147,07-01-2024 02:00,East,Laptop,33743
148,07-01-2024 03:00,East,Laptop,22300
149,07-01-2024 04:00,North,Mobile,10903
150,07-01-2024 05:00,West,Tablet,7739
151,07-01-2024 06:00,East,Laptop,7210
152,07-01-2024 07:00,East,Tablet,21884
153,07-01-2024 08:00,North,Laptop,21538
154,07-01-2024 09:00,East,Laptop,41346
155,07-01-2024 10:00,North,Headphones,22947
156,07-01-2024 11:00,South,Headphones,2785
157,07-01-2024 12:00,East,Headphones,38491
158,07-01-2024 13:00,South,Tablet,14021
159,07-01-2024 14:00,North,Mobile,48157
160,07-01-2024 15:00,West,Laptop,7471
161,07-01-2024 16:00,East,Laptop,29639
162,07-01-2024 17:00,North,Laptop,20409
163,07-01-2024 18:00,West,Tablet,12031
164,07-01-2024 19:00,West,Headphones,15221
165,07-01-2024 20:00,South,Mobile,19706
166,07-01-2024 21:00,North,Tablet,38211
167,07-01-2024 22:00,West,Headphones,7030
168,07-01-2024 23:00,East,Tablet,11616
169,08-01-2024 00:00,East,Mobile,758
170,08-01-2024 01:00,South,Headphones,782
171,08-01-2024 02:00,West,Tablet,14437
172,08-01-2024 03:00,North,Mobile,2398
173,08-01-2024 04:00,East,Laptop,4635
174,08-01-2024 05:00,West,Mobile,7129
175,08-01-2024 06:00,West,Laptop,44436
176,08-01-2024 07:00,South,Tablet,20084
177,08-01-2024 08:00,East,Headphones,24051
178,08-01-2024 09:00,East,Headphones,33880
179,08-01-2024 10:00,North,Tablet,47471
180,08-01-2024 11:00,East,Headphones,17571
181,08-01-2024 12:00,North,Headphones,20574
182,08-01-2024 13:00,East,Laptop,25688
183,08-01-2024 14:00,South,Tablet,2807
184,08-01-2024 15:00,East,Mobile,40401
185,08-01-2024 16:00,North,Laptop,11705
186,08-01-2024 17:00,North,Tablet,6406
187,08-01-2024 18:00,South,Laptop,3091
188,08-01-2024 19:00,East,Mobile,15649
189,08-01-2024 20:00,East,Mobile,45418
190,08-01-2024 21:00,South,Tablet,40451
191,08-01-2024 22:00,East,Mobile,25650
192,08-01-2024 23:00,East,Laptop,32352
193,09-01-2024 00:00,North,Mobile,43370
194,09-01-2024 01:00,East,Laptop,1783
195,09-01-2024 02:00,East,Laptop,34191
196,09-01-2024 03:00,South,Mobile,1625
197,09-01-2024 04:00,South,Tablet,2029
198,09-01-2024 05:00,West,Headphones,26670
199,09-01-2024 06:00,North,Mobile,8938
200,09-01-2024 07:00,East,Laptop,20595
201,09-01-2024 08:00,East,Laptop,16654
202,09-01-2024 09:00,West,Mobile,8504
203,09-01-2024 10:00,East,Tablet,10252
204,09-01-2024 11:00,North,Tablet,43860
205,09-01-2024 12:00,West,Laptop,27319
206,09-01-2024 13:00,North,Laptop,37132
207,09-01-2024 14:00,West,Tablet,27015
208,09-01-2024 15:00,West,Headphones,24717
209,09-01-2024 16:00,South,Mobile,23672
210,09-01-2024 17:00,North,Laptop,33494
211,09-01-2024 18:00,East,Laptop,15536
212,09-01-2024 19:00,East,Tablet,12239
213,09-01-2024 20:00,North,Mobile,32720
214,09-01-2024 21:00,East,Tablet,49916
215,09-01-2024 22:00,East,Mobile,10087
216,09-01-2024 23:00,North,Mobile,45017
217,10-01-2024 00:00,West,Mobile,30629
218,10-01-2024 01:00,North,Laptop,1145
219,10-01-2024 02:00,West,Headphones,31430
220,10-01-2024 03:00,East,Tablet,16799
221,10-01-2024 04:00,East,Headphones,30590
222,10-01-2024 05:00,East,Tablet,22453
223,10-01-2024 06:00,South,Mobile,46943
224,10-01-2024 07:00,West,Laptop,26975
225,10-01-2024 08:00,South,Headphones,19388
226,10-01-2024 09:00,South,Laptop,44232
227,10-01-2024 10:00,North,Tablet,16587
228,10-01-2024 11:00,South,Laptop,46805
229,10-01-2024 12:00,North,Laptop,46537
230,10-01-2024 13:00,North,Headphones,9846
231,10-01-2024 14:00,South,Mobile,1087
232,10-01-2024 15:00,West,Laptop,13263
233,10-01-2024 16:00,West,Mobile,42445
234,10-01-2024 17:00,West,Tablet,4579
235,10-01-2024 18:00,West,Laptop,36616
236,10-01-2024 19:00,West,Headphones,20715
237,10-01-2024 20:00,South,Tablet,26317
238,10-01-2024 21:00,South,Tablet,25265
239,10-01-2024 22:00,East,Headphones,30612
240,10-01-2024 23:00,West,Laptop,26056
241,11-01-2024 00:00,South,Laptop,18599
242,11-01-2024 01:00,East,Tablet,44053
243,11-01-2024 02:00,West,Laptop,45596
244,11-01-2024 03:00,North,Mobile,6950
245,11-01-2024 04:00,East,Headphones,13730
246,11-01-2024 05:00,South,Mobile,29509
247,11-01-2024 06:00,North,Laptop,5933
248,11-01-2024 07:00,North,Tablet,34366
249,11-01-2024 08:00,North,Headphones,40364
250,11-01-2024 09:00,East,Laptop,19210
251,11-01-2024 10:00,South,Laptop,11939
252,11-01-2024 11:00,North,Tablet,42355
253,11-01-2024 12:00,West,Tablet,16521
254,11-01-2024 13:00,North,Mobile,6916
255,11-01-2024 14:00,North,Headphones,7480
256,11-01-2024 15:00,East,Headphones,18558
257,11-01-2024 16:00,East,Tablet,11601
258,11-01-2024 17:00,South,Mobile,41218
259,11-01-2024 18:00,West,Headphones,33102
260,11-01-2024 19:00,East,Tablet,9622
261,11-01-2024 20:00,North,Laptop,13076
262,11-01-2024 21:00,South,Headphones,28016
263,11-01-2024 22:00,North,Mobile,22933
264,11-01-2024 23:00,North,Mobile,1589
265,12-01-2024 00:00,East,Mobile,37846
266,12-01-2024 01:00,South,Laptop,9627
267,12-01-2024 02:00,West,Headphones,10987
268,12-01-2024 03:00,West,Headphones,655
269,12-01-2024 04:00,East,Laptop,2458
270,12-01-2024 05:00,East,Headphones,11193
271,12-01-2024 06:00,South,Laptop,39612
272,12-01-2024 07:00,West,Laptop,39047
273,12-01-2024 08:00,West,Laptop,29295
274,12-01-2024 09:00,West,Mobile,21947
275,12-01-2024 10:00,North,Headphones,37098
276,12-01-2024 11:00,West,Laptop,42314
277,12-01-2024 12:00,North,Headphones,25715
278,12-01-2024 13:00,South,Mobile,10294
279,12-01-2024 14:00,North,Laptop,33709
280,12-01-2024 15:00,South,Tablet,22924
281,12-01-2024 16:00,West,Mobile,47746
282,12-01-2024 17:00,West,Tablet,37896
283,12-01-2024 18:00,South,Headphones,6870
284,12-01-2024 19:00,East,Headphones,10028
285,12-01-2024 20:00,South,Mobile,28776
286,12-01-2024 21:00,East,Headphones,44833
287,12-01-2024 22:00,North,Tablet,8679
288,12-01-2024 23:00,North,Laptop,49281
289,13-01-2024 00:00,North,Laptop,17343
290,13-01-2024 01:00,West,Laptop,24452
291,13-01-2024 02:00,North,Mobile,33660
292,13-01-2024 03:00,East,Headphones,45398
293,13-01-2024 04:00,North,Tablet,30016
294,13-01-2024 05:00,South,Headphones,10949
295,13-01-2024 06:00,South,Headphones,21625
296,13-01-2024 07:00,West,Headphones,7918
297,13-01-2024 08:00,South,Laptop,23246
298,13-01-2024 09:00,East,Tablet,2954
299,13-01-2024 10:00,North,Tablet,18261
300,13-01-2024 11:00,West,Headphones,15723
301,13-01-2024 12:00,North,Laptop,7201
302,13-01-2024 13:00,North,Laptop,3097
303,13-01-2024 14:00,East,Tablet,641
304,13-01-2024 15:00,South,Laptop,3159
305,13-01-2024 16:00,South,Laptop,21480
306,13-01-2024 17:00,North,Laptop,9531
307,13-01-2024 18:00,West,Mobile,15537
308,13-01-2024 19:00,South,Headphones,47238
309,13-01-2024 20:00,West,Tablet,38929
310,13-01-2024 21:00,South,Tablet,6642
311,13-01-2024 22:00,West,Mobile,12609
312,13-01-2024 23:00,East,Headphones,22510
313,14-01-2024 00:00,West,Tablet,9287
314,14-01-2024 01:00,East,Laptop,43364
315,14-01-2024 02:00,East,Tablet,8972
316,14-01-2024 03:00,West,Laptop,23883
317,14-01-2024 04:00,East,Mobile,4749
318,14-01-2024 05:00,North,Laptop,48217
319,14-01-2024 06:00,East,Tablet,35018
320,14-01-2024 07:00,South,Tablet,18851
321,14-01-2024 08:00,West,Tablet,4588
322,14-01-2024 09:00,North,Mobile,15782
323,14-01-2024 10:00,West,Mobile,19830
324,14-01-2024 11:00,South,Headphones,42909
325,14-01-2024 12:00,South,Tablet,22278
326,14-01-2024 13:00,South,Laptop,24764
327,14-01-2024 14:00,East,Mobile,5575
328,14-01-2024 15:00,East,Tablet,10912
329,14-01-2024 16:00,West,Tablet,48954
330,14-01-2024 17:00,West,Mobile,28865
331,14-01-2024 18:00,North,Headphones,7730
332,14-01-2024 19:00,North,Mobile,48700
333,14-01-2024 20:00,West,Mobile,11502
334,14-01-2024 21:00,East,Laptop,14447
335,14-01-2024 22:00,South,Laptop,14186
336,14-01-2024 23:00,West,Headphones,29804
337,15-01-2024 00:00,North,Tablet,13574
338,15-01-2024 01:00,East,Mobile,4993
339,15-01-2024 02:00,West,Headphones,34728
340,15-01-2024 03:00,West,Laptop,14640
341,15-01-2024 04:00,East,Mobile,32155
342,15-01-2024 05:00,West,Tablet,43972
343,15-01-2024 06:00,East,Laptop,49937
344,15-01-2024 07:00,South,Laptop,49916
345,15-01-2024 08:00,East,Laptop,7316
346,15-01-2024 09:00,East,Headphones,12139
347,15-01-2024 10:00,East,Tablet,47692
348,15-01-2024 11:00,West,Mobile,47233
349,15-01-2024 12:00,West,Headphones,29992
350,15-01-2024 13:00,East,Headphones,11740
351,15-01-2024 14:00,West,Headphones,33198
352,15-01-2024 15:00,North,Laptop,27457
353,15-01-2024 16:00,North,Tablet,33308
354,15-01-2024 17:00,West,Headphones,6327
355,15-01-2024 18:00,West,Mobile,33262
356,15-01-2024 19:00,East,Tablet,8759
357,15-01-2024 20:00,South,Mobile,15349
358,15-01-2024 21:00,West,Tablet,16732
359,15-01-2024 22:00,North,Mobile,41072
360,15-01-2024 23:00,East,Laptop,24673
361,16-01-2024 00:00,West,Headphones,5874
362,16-01-2024 01:00,North,Mobile,21674
363,16-01-2024 02:00,North,Tablet,24067
364,16-01-2024 03:00,South,Headphones,35792
365,16-01-2024 04:00,East,Headphones,9777
366,16-01-2024 05:00,East,Tablet,32100
367,16-01-2024 06:00,South,Mobile,10385
368,16-01-2024 07:00,South,Laptop,1278
369,16-01-2024 08:00,East,Laptop,29665
370,16-01-2024 09:00,East,Mobile,1992
371,16-01-2024 10:00,West,Headphones,30962
372,16-01-2024 11:00,West,Headphones,14115
373,16-01-2024 12:00,South,Headphones,45400
374,16-01-2024 13:00,West,Headphones,43446
375,16-01-2024 14:00,North,Mobile,8351
376,16-01-2024 15:00,West,Headphones,16788
377,16-01-2024 16:00,West,Tablet,7656
378,16-01-2024 17:00,North,Headphones,2544
379,16-01-2024 18:00,South,Laptop,7868
380,16-01-2024 19:00,North,Headphones,20400
381,16-01-2024 20:00,West,Mobile,31100
382,16-01-2024 21:00,South,Laptop,46903
383,16-01-2024 22:00,West,Mobile,26134
384,16-01-2024 23:00,North,Mobile,9668
385,17-01-2024 00:00,North,Laptop,21461
386,17-01-2024 01:00,West,Mobile,44596
387,17-01-2024 02:00,East,Mobile,46587
388,17-01-2024 03:00,East,Headphones,24352
389,17-01-2024 04:00,North,Tablet,33610
390,17-01-2024 05:00,North,Mobile,32674
391,17-01-2024 06:00,East,Mobile,34715
392,17-01-2024 07:00,East,Mobile,27455
393,17-01-2024 08:00,West,Headphones,7081
394,17-01-2024 09:00,West,Tablet,45119
395,17-01-2024 10:00,East,Laptop,6817
396,17-01-2024 11:00,West,Headphones,43356
397,17-01-2024 12:00,West,Headphones,46214
398,17-01-2024 13:00,South,Tablet,27149
399,17-01-2024 14:00,West,Tablet,23632
400,17-01-2024 15:00,North,Headphones,17289
401,17-01-2024 16:00,West,Laptop,15067
402,17-01-2024 17:00,West,Headphones,15368
403,17-01-2024 18:00,East,Tablet,24870
404,17-01-2024 19:00,North,Laptop,43033
405,17-01-2024 20:00,West,Tablet,30983
406,17-01-2024 21:00,West,Laptop,12966
407,17-01-2024 22:00,South,Mobile,29303
408,17-01-2024 23:00,West,Tablet,18730
409,18-01-2024 00:00,West,Tablet,18362
410,18-01-2024 01:00,South,Headphones,43855
411,18-01-2024 02:00,East,Tablet,31759
412,18-01-2024 03:00,West,Tablet,34039
413,18-01-2024 04:00,South,Mobile,22409
414,18-01-2024 05:00,North,Tablet,31295
415,18-01-2024 06:00,East,Mobile,49568
416,18-01-2024 07:00,North,Mobile,9270
417,18-01-2024 08:00,North,Mobile,11593
418,18-01-2024 09:00,South,Mobile,47071
419,18-01-2024 10:00,West,Laptop,693
420,18-01-2024 11:00,South,Headphones,35275
421,18-01-2024 12:00,South,Laptop,18069
422,18-01-2024 13:00,South,Tablet,11690
423,18-01-2024 14:00,South,Laptop,43252
424,18-01-2024 15:00,East,Laptop,32827
425,18-01-2024 16:00,West,Tablet,42570
426,18-01-2024 17:00,North,Tablet,20889
427,18-01-2024 18:00,North,Tablet,40697
428,18-01-2024 19:00,West,Laptop,2761
429,18-01-2024 20:00,North,Laptop,28869
430,18-01-2024 21:00,West,Tablet,27012
431,18-01-2024 22:00,North,Headphones,7216
432,18-01-2024 23:00,South,Headphones,21759
433,19-01-2024 00:00,North,Mobile,29433
434,19-01-2024 01:00,West,Tablet,42189
435,19-01-2024 02:00,West,Mobile,4878
436,19-01-2024 03:00,West,Headphones,41083
437,19-01-2024 04:00,West,Mobile,47046
438,19-01-2024 05:00,West,Tablet,20335
439,19-01-2024 06:00,East,Tablet,29533
440,19-01-2024 07:00,East,Tablet,24500
441,19-01-2024 08:00,North,Laptop,45996
442,19-01-2024 09:00,West,Mobile,10832
443,19-01-2024 10:00,North,Headphones,43104
444,19-01-2024 11:00,West,Headphones,3300
445,19-01-2024 12:00,West,Headphones,30038
446,19-01-2024 13:00,East,Laptop,30619
447,19-01-2024 14:00,East,Laptop,8833
448,19-01-2024 15:00,South,Tablet,5910
449,19-01-2024 16:00,East,Headphones,18339
450,19-01-2024 17:00,South,Laptop,31019
451,19-01-2024 18:00,South,Tablet,6308
452,19-01-2024 19:00,South,Headphones,7296
453,19-01-2024 20:00,South,Mobile,21680
454,19-01-2024 21:00,South,Tablet,43556
455,19-01-2024 22:00,North,Laptop,18209
456,19-01-2024 23:00,East,Laptop,18043
457,20-01-2024 00:00,South,Tablet,37918
458,20-01-2024 01:00,West,Tablet,29575
459,20-01-2024 02:00,East,Laptop,38255
460,20-01-2024 03:00,East,Mobile,48468
461,20-01-2024 04:00,South,Headphones,37965
462,20-01-2024 05:00,North,Mobile,31002
463,20-01-2024 06:00,South,Tablet,17224
464,20-01-2024 07:00,North,Mobile,4328
465,20-01-2024 08:00,West,Laptop,17587
466,20-01-2024 09:00,East,Tablet,13105
467,20-01-2024 10:00,West,Headphones,31837
468,20-01-2024 11:00,North,Laptop,5982
469,20-01-2024 12:00,North,Laptop,27505
470,20-01-2024 13:00,West,Headphones,23260
471,20-01-2024 14:00,North,Headphones,5963
472,20-01-2024 15:00,West,Mobile,47128
473,20-01-2024 16:00,East,Tablet,5412
474,20-01-2024 17:00,West,Headphones,5148
475,20-01-2024 18:00,East,Headphones,34123
476,20-01-2024 19:00,West,Tablet,36134
477,20-01-2024 20:00,North,Headphones,45102
478,20-01-2024 21:00,West,Headphones,49562
479,20-01-2024 22:00,North,Mobile,49834
480,20-01-2024 23:00,West,Laptop,3612
481,21-01-2024 00:00,West,Laptop,22554
482,21-01-2024 01:00,South,Laptop,4992
483,21-01-2024 02:00,North,Laptop,22707
484,21-01-2024 03:00,South,Headphones,15614
485,21-01-2024 04:00,North,Tablet,34785
486,21-01-2024 05:00,South,Tablet,16518
487,21-01-2024 06:00,East,Mobile,21886
488,21-01-2024 07:00,West,Mobile,18240
489,21-01-2024 08:00,North,Headphones,44699
490,21-01-2024 09:00,North,Tablet,8710
491,21-01-2024 10:00,West,Tablet,44863
492,21-01-2024 11:00,North,Laptop,46139
493,21-01-2024 12:00,North,Headphones,13243
494,21-01-2024 13:00,South,Headphones,42592
495,21-01-2024 14:00,North,Laptop,44799
496,21-01-2024 15:00,East,Headphones,7088
497,21-01-2024 16:00,East,Headphones,3811
498,21-01-2024 17:00,West,Mobile,22932
499,21-01-2024 18:00,North,Tablet,34255
500,21-01-2024 19:00,West,Headphones,3821
501,21-01-2024 20:00,East,Mobile,16312
502,21-01-2024 21:00,North,Tablet,37883
503,21-01-2024 22:00,North,Laptop,48780
504,21-01-2024 23:00,West,Mobile,13646
505,22-01-2024 00:00,East,Mobile,14154
506,22-01-2024 01:00,North,Tablet,36320
507,22-01-2024 02:00,West,Laptop,1226
508,22-01-2024 03:00,East,Mobile,4260
509,22-01-2024 04:00,West,Headphones,22690
510,22-01-2024 05:00,South,Headphones,2375
511,22-01-2024 06:00,North,Headphones,23877
512,22-01-2024 07:00,South,Laptop,47237
513,22-01-2024 08:00,East,Mobile,4533
514,22-01-2024 09:00,South,Headphones,38711
515,22-01-2024 10:00,South,Laptop,17873
516,22-01-2024 11:00,East,Headphones,4244
517,22-01-2024 12:00,West,Tablet,25495
518,22-01-2024 13:00,South,Mobile,17477
519,22-01-2024 14:00,West,Mobile,32902
520,22-01-2024 15:00,South,Laptop,35042
521,22-01-2024 16:00,West,Laptop,11151
522,22-01-2024 17:00,East,Mobile,34203
523,22-01-2024 18:00,South,Headphones,13895
524,22-01-2024 19:00,East,Headphones,30308
525,22-01-2024 20:00,South,Tablet,37076
526,22-01-2024 21:00,East,Headphones,17215
527,22-01-2024 22:00,East,Laptop,44909
528,22-01-2024 23:00,South,Laptop,24806
529,23-01-2024 00:00,South,Headphones,19586
530,23-01-2024 01:00,South,Laptop,14876
531,23-01-2024 02:00,North,Mobile,6389
532,23-01-2024 03:00,West,Mobile,38322
533,23-01-2024 04:00,North,Headphones,37136
534,23-01-2024 05:00,North,Mobile,21084
535,23-01-2024 06:00,East,Mobile,49853
536,23-01-2024 07:00,South,Tablet,35110
537,23-01-2024 08:00,West,Tablet,10558
538,23-01-2024 09:00,East,Mobile,9601
539,23-01-2024 10:00,North,Headphones,12997
540,23-01-2024 11:00,South,Tablet,5158
541,23-01-2024 12:00,East,Laptop,11881
542,23-01-2024 13:00,South,Laptop,40812
543,23-01-2024 14:00,East,Laptop,40986
544,23-01-2024 15:00,South,Headphones,47119
545,23-01-2024 16:00,North,Mobile,17654
546,23-01-2024 17:00,West,Laptop,20039
547,23-01-2024 18:00,North,Headphones,12277
548,23-01-2024 19:00,West,Tablet,34896
549,23-01-2024 20:00,South,Mobile,30873
550,23-01-2024 21:00,East,Tablet,33654
551,23-01-2024 22:00,North,Headphones,6531
552,23-01-2024 23:00,West,Laptop,28497
553,24-01-2024 00:00,North,Laptop,6939
554,24-01-2024 01:00,West,Headphones,23285
555,24-01-2024 02:00,North,Laptop,13892
556,24-01-2024 03:00,West,Mobile,29169
557,24-01-2024 04:00,West,Headphones,29439
558,24-01-2024 05:00,South,Tablet,2782
559,24-01-2024 06:00,West,Headphones,35124
560,24-01-2024 07:00,South,Mobile,48938
561,24-01-2024 08:00,West,Mobile,24864
562,24-01-2024 09:00,East,Headphones,2498
563,24-01-2024 10:00,East,Headphones,32205
564,24-01-2024 11:00,East,Laptop,38744
565,24-01-2024 12:00,West,Mobile,9928
566,24-01-2024 13:00,South,Headphones,37937
567,24-01-2024 14:00,South,Headphones,12836
568,24-01-2024 15:00,West,Mobile,9842
569,24-01-2024 16:00,East,Headphones,40332
570,24-01-2024 17:00,East,Laptop,7946
571,24-01-2024 18:00,South,Mobile,38892
572,24-01-2024 19:00,East,Laptop,7961
573,24-01-2024 20:00,North,Laptop,35087
574,24-01-2024 21:00,South,Laptop,11016
575,24-01-2024 22:00,East,Laptop,14249
576,24-01-2024 23:00,South,Mobile,18014
577,25-01-2024 00:00,North,Laptop,35926
578,25-01-2024 01:00,South,Laptop,36768
579,25-01-2024 02:00,South,Headphones,25450
580,25-01-2024 03:00,South,Mobile,35388
581,25-01-2024 04:00,South,Mobile,37288
582,25-01-2024 05:00,North,Tablet,10713
583,25-01-2024 06:00,West,Mobile,36527
584,25-01-2024 07:00,South,Mobile,28511
585,25-01-2024 08:00,South,Tablet,43349
586,25-01-2024 09:00,East,Mobile,35091
587,25-01-2024 10:00,South,Mobile,18358
588,25-01-2024 11:00,East,Mobile,19126
589,25-01-2024 12:00,West,Mobile,13967
590,25-01-2024 13:00,North,Tablet,40258
591,25-01-2024 14:00,North,Mobile,3634
592,25-01-2024 15:00,West,Mobile,17243
593,25-01-2024 16:00,North,Tablet,15934
594,25-01-2024 17:00,West,Headphones,48275
595,25-01-2024 18:00,West,Laptop,10733
596,25-01-2024 19:00,West,Headphones,49646
597,25-01-2024 20:00,North,Tablet,1641
598,25-01-2024 21:00,East,Laptop,18519
599,25-01-2024 22:00,West,Tablet,20884
600,25-01-2024 23:00,South,Tablet,43403
601,26-01-2024 00:00,North,Mobile,46234
602,26-01-2024 01:00,West,Laptop,36629
603,26-01-2024 02:00,West,Mobile,23467
604,26-01-2024 03:00,South,Laptop,41103
605,26-01-2024 04:00,East,Tablet,11672
606,26-01-2024 05:00,East,Tablet,16890
607,26-01-2024 06:00,East,Headphones,3767
608,26-01-2024 07:00,West,Laptop,39832
609,26-01-2024 08:00,West,Mobile,26667
610,26-01-2024 09:00,West,Headphones,21812
611,26-01-2024 10:00,North,Headphones,28340
612,26-01-2024 11:00,South,Headphones,19490
613,26-01-2024 12:00,West,Mobile,44679
614,26-01-2024 13:00,South,Headphones,6406
615,26-01-2024 14:00,South,Mobile,49296
616,26-01-2024 15:00,East,Headphones,40879
617,26-01-2024 16:00,North,Mobile,17797
618,26-01-2024 17:00,West,Tablet,2511
619,26-01-2024 18:00,East,Tablet,44514
620,26-01-2024 19:00,East,Tablet,47058
621,26-01-2024 20:00,West,Tablet,12238
622,26-01-2024 21:00,South,Tablet,29297
623,26-01-2024 22:00,East,Headphones,47998
624,26-01-2024 23:00,South,Headphones,11620
625,27-01-2024 00:00,North,Headphones,9267
626,27-01-2024 01:00,South,Mobile,23352
627,27-01-2024 02:00,North,Mobile,14203
628,27-01-2024 03:00,South,Mobile,1429
629,27-01-2024 04:00,East,Mobile,12451
630,27-01-2024 05:00,East,Tablet,26539
631,27-01-2024 06:00,North,Tablet,49113
632,27-01-2024 07:00,West,Tablet,30004
633,27-01-2024 08:00,North,Laptop,17938
634,27-01-2024 09:00,North,Headphones,49015
635,27-01-2024 10:00,South,Mobile,6244
636,27-01-2024 11:00,South,Mobile,18784
637,27-01-2024 12:00,North,Tablet,42917
638,27-01-2024 13:00,East,Mobile,40248
639,27-01-2024 14:00,South,Mobile,7569
640,27-01-2024 15:00,West,Headphones,42859
641,27-01-2024 16:00,South,Tablet,20299
642,27-01-2024 17:00,South,Headphones,33710
643,27-01-2024 18:00,West,Laptop,28726
644,27-01-2024 19:00,North,Laptop,5152
645,27-01-2024 20:00,West,Laptop,24823
646,27-01-2024 21:00,North,Tablet,42638
647,27-01-2024 22:00,North,Mobile,8097
648,27-01-2024 23:00,North,Tablet,47593
649,28-01-2024 00:00,West,Tablet,37726
650,28-01-2024 01:00,North,Mobile,7091
651,28-01-2024 02:00,East,Headphones,49614
652,28-01-2024 03:00,West,Laptop,26333
653,28-01-2024 04:00,East,Headphones,12326
654,28-01-2024 05:00,North,Laptop,26917
655,28-01-2024 06:00,South,Tablet,19193
656,28-01-2024 07:00,North,Laptop,14638
657,28-01-2024 08:00,East,Tablet,2669
658,28-01-2024 09:00,East,Headphones,19056
659,28-01-2024 10:00,West,Tablet,22552
660,28-01-2024 11:00,South,Headphones,6813
661,28-01-2024 12:00,West,Mobile,8815
662,28-01-2024 13:00,East,Mobile,8536
663,28-01-2024 14:00,North,Mobile,32278
664,28-01-2024 15:00,South,Tablet,28234
665,28-01-2024 16:00,North,Mobile,23673
666,28-01-2024 17:00,North,Laptop,30903
667,28-01-2024 18:00,South,Headphones,1285
668,28-01-2024 19:00,West,Headphones,6639
669,28-01-2024 20:00,North,Laptop,6844
670,28-01-2024 21:00,East,Tablet,19300
671,28-01-2024 22:00,North,Tablet,25872
672,28-01-2024 23:00,South,Headphones,21038
673,29-01-2024 00:00,South,Mobile,15473
674,29-01-2024 01:00,South,Tablet,6119
675,29-01-2024 02:00,West,Tablet,35204
676,29-01-2024 03:00,North,Laptop,37075
677,29-01-2024 04:00,West,Laptop,40419
678,29-01-2024 05:00,West,Mobile,42761
679,29-01-2024 06:00,South,Tablet,45623
680,29-01-2024 07:00,South,Tablet,28216
681,29-01-2024 08:00,West,Laptop,3736
682,29-01-2024 09:00,North,Tablet,16348
683,29-01-2024 10:00,East,Headphones,2852
684,29-01-2024 11:00,West,Laptop,2432
685,29-01-2024 12:00,North,Mobile,11413
686,29-01-2024 13:00,South,Laptop,9056
687,29-01-2024 14:00,South,Tablet,21800
688,29-01-2024 15:00,North,Mobile,5998
689,29-01-2024 16:00,East,Laptop,11082
690,29-01-2024 17:00,South,Headphones,47133
691,29-01-2024 18:00,South,Headphones,10069
692,29-01-2024 19:00,South,Laptop,5357
693,29-01-2024 20:00,North,Headphones,840
694,29-01-2024 21:00,West,Headphones,44449
695,29-01-2024 22:00,South,Headphones,17266
696,29-01-2024 23:00,West,Mobile,26632
697,30-01-2024 00:00,East,Headphones,8991
698,30-01-2024 01:00,South,Headphones,638
699,30-01-2024 02:00,South,Headphones,858
700,30-01-2024 03:00,East,Mobile,10214
701,30-01-2024 04:00,South,Laptop,20340
702,30-01-2024 05:00,West,Tablet,34895
703,30-01-2024 06:00,North,Headphones,31154
704,30-01-2024 07:00,West,Laptop,26379
705,30-01-2024 08:00,North,Headphones,16496
706,30-01-2024 09:00,North,Mobile,38272
707,30-01-2024 10:00,West,Laptop,27262
708,30-01-2024 11:00,West,Mobile,13783
709,30-01-2024 12:00,West,Headphones,39920
710,30-01-2024 13:00,West,Headphones,20054
711,30-01-2024 14:00,East,Mobile,20719
712,30-01-2024 15:00,South,Tablet,35419
713,30-01-2024 16:00,North,Mobile,9929
714,30-01-2024 17:00,West,Headphones,47340
715,30-01-2024 18:00,West,Mobile,45195
716,30-01-2024 19:00,West,Tablet,40173
717,30-01-2024 20:00,East,Mobile,19718
718,30-01-2024 21:00,West,Tablet,12952
719,30-01-2024 22:00,West,Tablet,49480
720,30-01-2024 23:00,West,Mobile,19451
721,31-01-2024 00:00,South,Mobile,1807
722,31-01-2024 01:00,East,Laptop,15352
723,31-01-2024 02:00,West,Headphones,25732
724,31-01-2024 03:00,North,Tablet,35928
725,31-01-2024 04:00,North,Laptop,43671
726,31-01-2024 05:00,North,Mobile,26985
727,31-01-2024 06:00,East,Headphones,10738
728,31-01-2024 07:00,East,Laptop,39475
729,31-01-2024 08:00,North,Tablet,1640
730,31-01-2024 09:00,West,Laptop,25342
731,31-01-2024 10:00,East,Tablet,26921
732,31-01-2024 11:00,North,Mobile,2208
733,31-01-2024 12:00,North,Headphones,4130
734,31-01-2024 13:00,West,Headphones,20095
735,31-01-2024 14:00,South,Headphones,10985
736,31-01-2024 15:00,East,Mobile,28808
737,31-01-2024 16:00,West,Tablet,45289
738,31-01-2024 17:00,North,Mobile,26586
739,31-01-2024 18:00,North,Headphones,17359
740,31-01-2024 19:00,West,Mobile,8184
741,31-01-2024 20:00,East,Mobile,26052
742,31-01-2024 21:00,South,Mobile,1707
743,31-01-2024 22:00,South,Tablet,46599
744,31-01-2024 23:00,North,Laptop,2460
745,01-02-2024 00:00,East,Laptop,1057
746,01-02-2024 01:00,South,Mobile,30189
747,01-02-2024 02:00,East,Laptop,49151
748,01-02-2024 03:00,East,Laptop,14393
749,01-02-2024 04:00,North,Mobile,32772
750,01-02-2024 05:00,South,Mobile,1382
751,01-02-2024 06:00,West,Headphones,38029
752,01-02-2024 07:00,North,Laptop,39135
753,01-02-2024 08:00,South,Tablet,30035
754,01-02-2024 09:00,South,Mobile,13369
755,01-02-2024 10:00,South,Headphones,7666
756,01-02-2024 11:00,South,Tablet,13482
757,01-02-2024 12:00,South,Laptop,41197
758,01-02-2024 13:00,East,Headphones,38615
759,01-02-2024 14:00,North,Mobile,7769
760,01-02-2024 15:00,East,Tablet,28564
761,01-02-2024 16:00,West,Mobile,14027
762,01-02-2024 17:00,South,Laptop,2954
763,01-02-2024 18:00,North,Tablet,21378
764,01-02-2024 19:00,South,Laptop,13491
765,01-02-2024 20:00,North,Laptop,3308
766,01-02-2024 21:00,East,Headphones,39910
767,01-02-2024 22:00,North,Mobile,37093
768,01-02-2024 23:00,West,Tablet,36804
769,02-02-2024 00:00,West,Laptop,30886
770,02-02-2024 01:00,North,Laptop,48577
771,02-02-2024 02:00,North,Tablet,4302
772,02-02-2024 03:00,North,Laptop,29253
773,02-02-2024 04:00,North,Headphones,21583
774,02-02-2024 05:00,West,Headphones,18854
775,02-02-2024 06:00,South,Headphones,22690
776,02-02-2024 07:00,North,Headphones,6642
777,02-02-2024 08:00,North,Laptop,28898
778,02-02-2024 09:00,West,Tablet,42362
779,02-02-2024 10:00,West,Tablet,33632
780,02-02-2024 11:00,East,Tablet,20003
781,02-02-2024 12:00,North,Tablet,48956
782,02-02-2024 13:00,East,Mobile,35131
783,02-02-2024 14:00,West,Tablet,16999
784,02-02-2024 15:00,West,Mobile,40352
785,02-02-2024 16:00,South,Mobile,8516
786,02-02-2024 17:00,North,Headphones,2884
787,02-02-2024 18:00,East,Mobile,15572
788,02-02-2024 19:00,West,Laptop,37203
789,02-02-2024 20:00,West,Mobile,46395
790,02-02-2024 21:00,East,Headphones,14982
791,02-02-2024 22:00,South,Mobile,41010
792,02-02-2024 23:00,West,Laptop,49433
793,03-02-2024 00:00,North,Laptop,22326
794,03-02-2024 01:00,West,Laptop,2990
795,03-02-2024 02:00,North,Headphones,46592
796,03-02-2024 03:00,East,Headphones,26018
797,03-02-2024 04:00,North,Tablet,24545
798,03-02-2024 05:00,East,Headphones,27410
799,03-02-2024 06:00,North,Laptop,25066
800,03-02-2024 07:00,East,Laptop,34405
801,03-02-2024 08:00,North,Headphones,27603
802,03-02-2024 09:00,South,Mobile,36688
803,03-02-2024 10:00,North,Headphones,6345
804,03-02-2024 11:00,North,Headphones,21662
805,03-02-2024 12:00,South,Laptop,37174
806,03-02-2024 13:00,West,Tablet,19837
807,03-02-2024 14:00,West,Laptop,22813
808,03-02-2024 15:00,North,Tablet,27443
809,03-02-2024 16:00,South,Laptop,12913
810,03-02-2024 17:00,North,Headphones,776
811,03-02-2024 18:00,East,Laptop,18111
812,03-02-2024 19:00,East,Laptop,39605
813,03-02-2024 20:00,North,Laptop,12444
814,03-02-2024 21:00,West,Headphones,16406
815,03-02-2024 22:00,West,Headphones,21036
816,03-02-2024 23:00,North,Headphones,28310
817,04-02-2024 00:00,North,Headphones,12806
818,04-02-2024 01:00,East,Tablet,11003
819,04-02-2024 02:00,West,Tablet,19725
820,04-02-2024 03:00,North,Mobile,37476
821,04-02-2024 04:00,East,Headphones,12090
822,04-02-2024 05:00,West,Tablet,11386
823,04-02-2024 06:00,South,Laptop,13366
824,04-02-2024 07:00,East,Headphones,1588
825,04-02-2024 08:00,West,Mobile,3863
826,04-02-2024 09:00,West,Mobile,33292
827,04-02-2024 10:00,East,Mobile,10264
828,04-02-2024 11:00,South,Laptop,21120
829,04-02-2024 12:00,East,Tablet,43227
830,04-02-2024 13:00,West,Laptop,13435
831,04-02-2024 14:00,North,Headphones,8568
832,04-02-2024 15:00,North,Mobile,7795
833,04-02-2024 16:00,East,Laptop,41660
834,04-02-2024 17:00,West,Laptop,11890
835,04-02-2024 18:00,North,Tablet,41716
836,04-02-2024 19:00,West,Tablet,20631
837,04-02-2024 20:00,East,Mobile,29718
838,04-02-2024 21:00,North,Laptop,10933
839,04-02-2024 22:00,West,Laptop,15538
840,04-02-2024 23:00,North,Tablet,28682
841,05-02-2024 00:00,East,Laptop,12028
842,05-02-2024 01:00,West,Laptop,21781
843,05-02-2024 02:00,North,Laptop,49011
844,05-02-2024 03:00,East,Tablet,9105
845,05-02-2024 04:00,North,Mobile,35282
846,05-02-2024 05:00,North,Headphones,1881
847,05-02-2024 06:00,South,Mobile,1598
848,05-02-2024 07:00,South,Headphones,20310
849,05-02-2024 08:00,East,Laptop,24822
850,05-02-2024 09:00,South,Mobile,42369
851,05-02-2024 10:00,East,Headphones,33455
852,05-02-2024 11:00,South,Tablet,45216
853,05-02-2024 12:00,North,Tablet,10707
854,05-02-2024 13:00,East,Mobile,22293
855,05-02-2024 14:00,East,Mobile,2592
856,05-02-2024 15:00,North,Laptop,28720
857,05-02-2024 16:00,East,Mobile,19014
858,05-02-2024 17:00,East,Laptop,38510
859,05-02-2024 18:00,South,Laptop,9049
860,05-02-2024 19:00,East,Tablet,22531
861,05-02-2024 20:00,West,Tablet,5685
862,05-02-2024 21:00,North,Headphones,15771
863,05-02-2024 22:00,South,Tablet,6276
864,05-02-2024 23:00,South,Tablet,12949
865,06-02-2024 00:00,West,Mobile,24797
866,06-02-2024 01:00,North,Tablet,41091
867,06-02-2024 02:00,North,Headphones,16217
868,06-02-2024 03:00,South,Mobile,40623
869,06-02-2024 04:00,East,Headphones,39733
870,06-02-2024 05:00,South,Tablet,46005
871,06-02-2024 06:00,North,Headphones,46592
872,06-02-2024 07:00,West,Mobile,10850
873,06-02-2024 08:00,South,Laptop,31122
874,06-02-2024 09:00,North,Headphones,35823
875,06-02-2024 10:00,South,Headphones,3451
876,06-02-2024 11:00,East,Mobile,18122
877,06-02-2024 12:00,South,Mobile,5227
878,06-02-2024 13:00,South,Headphones,38954
879,06-02-2024 14:00,North,Tablet,36969
880,06-02-2024 15:00,North,Headphones,36048
881,06-02-2024 16:00,North,Mobile,24282
882,06-02-2024 17:00,South,Laptop,28954
883,06-02-2024 18:00,East,Laptop,2868
884,06-02-2024 19:00,West,Tablet,16092
885,06-02-2024 20:00,West,Headphones,22673
886,06-02-2024 21:00,North,Laptop,33704
887,06-02-2024 22:00,North,Headphones,36096
888,06-02-2024 23:00,South,Mobile,34824
889,07-02-2024 00:00,West,Laptop,46632
890,07-02-2024 01:00,North,Tablet,24364
891,07-02-2024 02:00,East,Mobile,48329
892,07-02-2024 03:00,East,Tablet,31250
893,07-02-2024 04:00,North,Mobile,11076
894,07-02-2024 05:00,North,Laptop,17066
895,07-02-2024 06:00,West,Tablet,7690
896,07-02-2024 07:00,West,Tablet,23571
897,07-02-2024 08:00,South,Mobile,38833
898,07-02-2024 09:00,West,Tablet,15869
899,07-02-2024 10:00,East,Mobile,24535
900,07-02-2024 11:00,East,Mobile,2089
901,07-02-2024 12:00,North,Mobile,25735
902,07-02-2024 13:00,West,Mobile,659
903,07-02-2024 14:00,South,Laptop,12645
904,07-02-2024 15:00,East,Mobile,15873
905,07-02-2024 16:00,East,Headphones,32421
906,07-02-2024 17:00,South,Tablet,39823
907,07-02-2024 18:00,South,Headphones,16737
908,07-02-2024 19:00,East,Laptop,42471
909,07-02-2024 20:00,East,Headphones,8744
910,07-02-2024 21:00,South,Tablet,15243
911,07-02-2024 22:00,East,Headphones,32066
912,07-02-2024 23:00,North,Laptop,46601
913,08-02-2024 00:00,North,Mobile,46609
914,08-02-2024 01:00,South,Headphones,19191
915,08-02-2024 02:00,West,Laptop,34496
916,08-02-2024 03:00,South,Laptop,6090
917,08-02-2024 04:00,South,Tablet,6085
918,08-02-2024 05:00,West,Tablet,9727
919,08-02-2024 06:00,West,Headphones,28778
920,08-02-2024 07:00,West,Mobile,39314
921,08-02-2024 08:00,North,Laptop,12737
922,08-02-2024 09:00,East,Headphones,16149
923,08-02-2024 10:00,North,Laptop,38213
924,08-02-2024 11:00,East,Laptop,8427
925,08-02-2024 12:00,North,Mobile,45909
926,08-02-2024 13:00,East,Mobile,49266
927,08-02-2024 14:00,North,Headphones,46654
928,08-02-2024 15:00,West,Mobile,7516
929,08-02-2024 16:00,South,Mobile,14527
930,08-02-2024 17:00,North,Headphones,49188
931,08-02-2024 18:00,East,Mobile,24642
932,08-02-2024 19:00,West,Tablet,47020
933,08-02-2024 20:00,North,Laptop,24045
934,08-02-2024 21:00,North,Laptop,32397
935,08-02-2024 22:00,West,Laptop,3667
936,08-02-2024 23:00,North,Laptop,45257
937,09-02-2024 00:00,South,Headphones,27417
938,09-02-2024 01:00,North,Laptop,23236
939,09-02-2024 02:00,South,Laptop,28490
940,09-02-2024 03:00,South,Laptop,14587
941,09-02-2024 04:00,West,Laptop,22940
942,09-02-2024 05:00,North,Tablet,35705
943,09-02-2024 06:00,West,Laptop,15775
944,09-02-2024 07:00,North,Tablet,5776
945,09-02-2024 08:00,North,Headphones,42127
946,09-02-2024 09:00,East,Mobile,41086
947,09-02-2024 10:00,North,Laptop,37996
948,09-02-2024 11:00,West,Mobile,19508
949,09-02-2024 12:00,South,Mobile,6238
950,09-02-2024 13:00,North,Headphones,32902
951,09-02-2024 14:00,East,Mobile,6293
952,09-02-2024 15:00,West,Tablet,37791
953,09-02-2024 16:00,North,Mobile,6071
954,09-02-2024 17:00,West,Mobile,31831
955,09-02-2024 18:00,East,Mobile,16709
956,09-02-2024 19:00,East,Laptop,48514
957,09-02-2024 20:00,West,Laptop,25894
958,09-02-2024 21:00,North,Tablet,43648
959,09-02-2024 22:00,South,Tablet,26182
960,09-02-2024 23:00,East,Laptop,2724
961,10-02-2024 00:00,North,Tablet,41657
962,10-02-2024 01:00,North,Laptop,49195
963,10-02-2024 02:00,South,Headphones,44952
964,10-02-2024 03:00,East,Mobile,43908
965,10-02-2024 04:00,East,Mobile,32941
966,10-02-2024 05:00,North,Tablet,41930
967,10-02-2024 06:00,North,Laptop,39629
968,10-02-2024 07:00,South,Laptop,35216
969,10-02-2024 08:00,South,Tablet,45359
970,10-02-2024 09:00,East,Laptop,27086
971,10-02-2024 10:00,West,Headphones,45260
972,10-02-2024 11:00,East,Mobile,23978
973,10-02-2024 12:00,North,Tablet,6818
974,10-02-2024 13:00,East,Tablet,29194
975,10-02-2024 14:00,West,Laptop,20680
976,10-02-2024 15:00,South,Tablet,12680
977,10-02-2024 16:00,West,Headphones,33502
978,10-02-2024 17:00,West,Laptop,15872
979,10-02-2024 18:00,West,Laptop,30296
980,10-02-2024 19:00,South,Laptop,24927
981,10-02-2024 20:00,West,Laptop,33790
982,10-02-2024 21:00,West,Headphones,28599
983,10-02-2024 22:00,West,Laptop,45986
984,10-02-2024 23:00,North,Tablet,10321
985,11-02-2024 00:00,West,Headphones,6332
986,11-02-2024 01:00,South,Mobile,13320
987,11-02-2024 02:00,West,Mobile,16711
988,11-02-2024 03:00,West,Tablet,40390
989,11-02-2024 04:00,South,Tablet,6342
990,11-02-2024 05:00,West,Headphones,1816
991,11-02-2024 06:00,South,Mobile,46468
992,11-02-2024 07:00,West,Mobile,18008
993,11-02-2024 08:00,South,Mobile,22505
994,11-02-2024 09:00,West,Mobile,15706
995,11-02-2024 10:00,West,Mobile,19471
996,11-02-2024 11:00,North,Laptop,26099
997,11-02-2024 12:00,North,Tablet,22556
998,11-02-2024 13:00,West,Laptop,1878
999,11-02-2024 14:00,West,Mobile,2019
1000,11-02-2024 15:00,East,Headphones,22661
1001,11-02-2024 16:00,South,Headphones,41203
1002,11-02-2024 17:00,East,Mobile,39361
1003,11-02-2024 18:00,North,Mobile,5855
1004,11-02-2024 19:00,North,Headphones,9583
1005,11-02-2024 20:00,North,Laptop,38842
1006,11-02-2024 21:00,North,Laptop,20956
1007,11-02-2024 22:00,West,Mobile,13824
1008,11-02-2024 23:00,North,Laptop,2757
1009,12-02-2024 00:00,West,Headphones,27864
1010,12-02-2024 01:00,West,Laptop,25472
1011,12-02-2024 02:00,North,Mobile,46679
1012,12-02-2024 03:00,North,Headphones,27154
1013,12-02-2024 04:00,South,Laptop,15733
1014,12-02-2024 05:00,East,Tablet,16387
1015,12-02-2024 06:00,North,Headphones,29820
1016,12-02-2024 07:00,South,Headphones,21308
1017,12-02-2024 08:00,South,Tablet,30654
1018,12-02-2024 09:00,East,Tablet,35273
1019,12-02-2024 10:00,West,Headphones,28247
1020,12-02-2024 11:00,North,Tablet,11360
1021,12-02-2024 12:00,East,Mobile,43338
1022,12-02-2024 13:00,North,Mobile,42656
1023,12-02-2024 14:00,South,Mobile,18656
1024,12-02-2024 15:00,South,Headphones,20860
1025,12-02-2024 16:00,West,Tablet,18635
1026,12-02-2024 17:00,South,Tablet,25851
1027,12-02-2024 18:00,South,Laptop,30999
1028,12-02-2024 19:00,East,Laptop,47877
1029,12-02-2024 20:00,North,Tablet,24054
1030,12-02-2024 21:00,North,Tablet,49631
1031,12-02-2024 22:00,East,Tablet,20104
1032,12-02-2024 23:00,West,Headphones,17423
1033,13-02-2024 00:00,North,Tablet,48091
1034,13-02-2024 01:00,South,Laptop,9047
1035,13-02-2024 02:00,North,Headphones,44783
1036,13-02-2024 03:00,South,Tablet,33502
1037,13-02-2024 04:00,West,Laptop,15062
1038,13-02-2024 05:00,East,Headphones,7980
1039,13-02-2024 06:00,North,Tablet,27172
1040,13-02-2024 07:00,East,Tablet,4713
1041,13-02-2024 08:00,North,Tablet,10793
1042,13-02-2024 09:00,South,Headphones,34941
1043,13-02-2024 10:00,East,Laptop,2600
1044,13-02-2024 11:00,North,Laptop,45117
1045,13-02-2024 12:00,South,Mobile,28672
1046,13-02-2024 13:00,East,Tablet,20632
1047,13-02-2024 14:00,East,Mobile,18699
1048,13-02-2024 15:00,North,Mobile,37109
1049,13-02-2024 16:00,North,Laptop,43465
1050,13-02-2024 17:00,North,Headphones,8516
1051,13-02-2024 18:00,South,Headphones,40279
1052,13-02-2024 19:00,North,Laptop,37761
1053,13-02-2024 20:00,East,Headphones,32381
1054,13-02-2024 21:00,East,Mobile,17558
1055,13-02-2024 22:00,North,Tablet,24972
1056,13-02-2024 23:00,North,Laptop,41846
1057,14-02-2024 00:00,West,Tablet,35426
1058,14-02-2024 01:00,East,Headphones,35332
1059,14-02-2024 02:00,South,Tablet,36521
1060,14-02-2024 03:00,West,Headphones,24587
1061,14-02-2024 04:00,North,Headphones,13328
1062,14-02-2024 05:00,North,Mobile,31628
1063,14-02-2024 06:00,East,Headphones,1901
1064,14-02-2024 07:00,North,Mobile,20143
1065,14-02-2024 08:00,South,Mobile,15693
1066,14-02-2024 09:00,East,Mobile,27353
1067,14-02-2024 10:00,North,Laptop,45364
1068,14-02-2024 11:00,East,Laptop,20807
1069,14-02-2024 12:00,North,Headphones,37482
1070,14-02-2024 13:00,North,Mobile,20111
1071,14-02-2024 14:00,North,Laptop,44291
1072,14-02-2024 15:00,South,Mobile,12450
1073,14-02-2024 16:00,South,Tablet,11204
1074,14-02-2024 17:00,East,Tablet,43611
1075,14-02-2024 18:00,North,Tablet,12367
1076,14-02-2024 19:00,North,Headphones,3245
1077,14-02-2024 20:00,South,Mobile,4366
1078,14-02-2024 21:00,North,Tablet,32745
1079,14-02-2024 22:00,South,Laptop,45224
1080,14-02-2024 23:00,North,Tablet,6318
1081,15-02-2024 00:00,East,Tablet,49361
1082,15-02-2024 01:00,North,Tablet,30616
1083,15-02-2024 02:00,North,Headphones,15993
1084,15-02-2024 03:00,West,Laptop,28538
1085,15-02-2024 04:00,South,Mobile,20947
1086,15-02-2024 05:00,North,Laptop,30931
1087,15-02-2024 06:00,North,Mobile,18408
1088,15-02-2024 07:00,West,Headphones,29836
1089,15-02-2024 08:00,West,Headphones,41492
1090,15-02-2024 09:00,South,Headphones,4525
1091,15-02-2024 10:00,West,Headphones,20593
1092,15-02-2024 11:00,East,Mobile,6655
1093,15-02-2024 12:00,West,Tablet,47107
1094,15-02-2024 13:00,East,Mobile,33987
1095,15-02-2024 14:00,South,Laptop,48158
1096,15-02-2024 15:00,South,Headphones,21463
1097,15-02-2024 16:00,South,Headphones,21436
1098,15-02-2024 17:00,South,Laptop,4926
1099,15-02-2024 18:00,South,Mobile,23803
1100,15-02-2024 19:00,East,Tablet,45780
1101,15-02-2024 20:00,East,Tablet,28106
1102,15-02-2024 21:00,South,Laptop,48332
1103,15-02-2024 22:00,West,Tablet,28651
1104,15-02-2024 23:00,North,Mobile,14267
1105,16-02-2024 00:00,South,Mobile,11808
1106,16-02-2024 01:00,West,Laptop,44745
1107,16-02-2024 02:00,North,Mobile,46171
1108,16-02-2024 03:00,South,Headphones,25270
1109,16-02-2024 04:00,South,Laptop,29072
1110,16-02-2024 05:00,East,Mobile,41948
1111,16-02-2024 06:00,North,Laptop,2704
1112,16-02-2024 07:00,North,Tablet,27733
1113,16-02-2024 08:00,West,Mobile,22229
1114,16-02-2024 09:00,East,Headphones,31631
1115,16-02-2024 10:00,East,Mobile,34370
1116,16-02-2024 11:00,East,Laptop,38511
1117,16-02-2024 12:00,East,Laptop,39882
1118,16-02-2024 13:00,North,Mobile,49567
1119,16-02-2024 14:00,North,Headphones,41975
1120,16-02-2024 15:00,South,Headphones,47181
1121,16-02-2024 16:00,South,Headphones,22107
1122,16-02-2024 17:00,East,Laptop,25468
1123,16-02-2024 18:00,East,Mobile,33898
1124,16-02-2024 19:00,East,Tablet,12408
1125,16-02-2024 20:00,South,Laptop,26923
1126,16-02-2024 21:00,West,Headphones,44115
1127,16-02-2024 22:00,West,Mobile,9671
1128,16-02-2024 23:00,South,Headphones,13221
1129,17-02-2024 00:00,South,Tablet,49929
1130,17-02-2024 01:00,South,Headphones,17116
1131,17-02-2024 02:00,South,Headphones,43012
1132,17-02-2024 03:00,South,Tablet,38958
1133,17-02-2024 04:00,South,Mobile,46669
1134,17-02-2024 05:00,East,Laptop,8159
1135,17-02-2024 06:00,East,Mobile,43869
1136,17-02-2024 07:00,East,Tablet,12204
1137,17-02-2024 08:00,East,Headphones,33293
1138,17-02-2024 09:00,South,Mobile,48652
1139,17-02-2024 10:00,West,Laptop,46973
1140,17-02-2024 11:00,North,Tablet,31726
1141,17-02-2024 12:00,South,Mobile,24352
1142,17-02-2024 13:00,North,Laptop,32582
1143,17-02-2024 14:00,West,Tablet,23294
1144,17-02-2024 15:00,East,Laptop,41920
1145,17-02-2024 16:00,West,Tablet,13879
1146,17-02-2024 17:00,South,Headphones,7506
1147,17-02-2024 18:00,East,Mobile,9182
1148,17-02-2024 19:00,South,Laptop,34340
1149,17-02-2024 20:00,East,Tablet,32930
1150,17-02-2024 21:00,North,Laptop,23591
1151,17-02-2024 22:00,North,Laptop,33483
1152,17-02-2024 23:00,North,Mobile,24489
1153,18-02-2024 00:00,West,Headphones,10415
1154,18-02-2024 01:00,South,Laptop,43052
1155,18-02-2024 02:00,West,Tablet,19490
1156,18-02-2024 03:00,North,Tablet,25234
1157,18-02-2024 04:00,South,Headphones,15324
1158,18-02-2024 05:00,North,Tablet,36581
1159,18-02-2024 06:00,West,Headphones,11533
1160,18-02-2024 07:00,West,Tablet,43236
1161,18-02-2024 08:00,West,Mobile,16741
1162,18-02-2024 09:00,North,Laptop,6439
1163,18-02-2024 10:00,South,Mobile,47964
1164,18-02-2024 11:00,South,Laptop,48062
1165,18-02-2024 12:00,North,Laptop,35563
1166,18-02-2024 13:00,South,Laptop,34964
1167,18-02-2024 14:00,North,Mobile,11685
1168,18-02-2024 15:00,South,Laptop,27545
1169,18-02-2024 16:00,East,Mobile,45269
1170,18-02-2024 17:00,East,Headphones,47618
1171,18-02-2024 18:00,West,Tablet,19667
1172,18-02-2024 19:00,East,Tablet,36912
1173,18-02-2024 20:00,East,Laptop,22125
1174,18-02-2024 21:00,East,Mobile,39688
1175,18-02-2024 22:00,North,Tablet,27576
1176,18-02-2024 23:00,East,Mobile,45105
1177,19-02-2024 00:00,East,Mobile,19529
1178,19-02-2024 01:00,West,Laptop,23473
1179,19-02-2024 02:00,East,Tablet,39621
1180,19-02-2024 03:00,East,Laptop,31933
1181,19-02-2024 04:00,South,Laptop,43809
1182,19-02-2024 05:00,West,Tablet,2432
1183,19-02-2024 06:00,West,Tablet,44754
1184,19-02-2024 07:00,West,Headphones,2257
1185,19-02-2024 08:00,West,Headphones,31222
1186,19-02-2024 09:00,West,Mobile,38353
1187,19-02-2024 10:00,West,Tablet,38905
1188,19-02-2024 11:00,North,Headphones,1616
1189,19-02-2024 12:00,East,Mobile,44027
1190,19-02-2024 13:00,West,Mobile,12191
1191,19-02-2024 14:00,East,Mobile,992
1192,19-02-2024 15:00,East,Headphones,28382
1193,19-02-2024 16:00,North,Tablet,9311
1194,19-02-2024 17:00,West,Laptop,28308
1195,19-02-2024 18:00,South,Mobile,24772
1196,19-02-2024 19:00,North,Headphones,28899
1197,19-02-2024 20:00,South,Headphones,6974
1198,19-02-2024 21:00,East,Laptop,27456
1199,19-02-2024 22:00,East,Laptop,47653
1200,19-02-2024 23:00,North,Headphones,43006
1201,20-02-2024 00:00,North,Tablet,14479
1202,20-02-2024 01:00,South,Laptop,45023
1203,20-02-2024 02:00,West,Headphones,43065
1204,20-02-2024 03:00,South,Laptop,28828
1205,20-02-2024 04:00,North,Tablet,47875
1206,20-02-2024 05:00,South,Mobile,13367
1207,20-02-2024 06:00,North,Laptop,26351
1208,20-02-2024 07:00,South,Tablet,31779
1209,20-02-2024 08:00,North,Headphones,31027
1210,20-02-2024 09:00,North,Laptop,8366
1211,20-02-2024 10:00,North,Laptop,15949
1212,20-02-2024 11:00,West,Headphones,11185
1213,20-02-2024 12:00,South,Mobile,24044
1214,20-02-2024 13:00,South,Headphones,5951
1215,20-02-2024 14:00,South,Laptop,22142
1216,20-02-2024 15:00,North,Headphones,41816
1217,20-02-2024 16:00,South,Tablet,40454
1218,20-02-2024 17:00,South,Headphones,39370
1219,20-02-2024 18:00,North,Laptop,31530
1220,20-02-2024 19:00,East,Headphones,31373
1221,20-02-2024 20:00,North,Mobile,1119
1222,20-02-2024 21:00,South,Headphones,34150
1223,20-02-2024 22:00,North,Mobile,25872
1224,20-02-2024 23:00,East,Tablet,4142
1225,21-02-2024 00:00,North,Mobile,28501
1226,21-02-2024 01:00,South,Headphones,34564
1227,21-02-2024 02:00,East,Laptop,29790
1228,21-02-2024 03:00,West,Mobile,14622
1229,21-02-2024 04:00,South,Tablet,25320
1230,21-02-2024 05:00,East,Mobile,3395
1231,21-02-2024 06:00,East,Mobile,5866
1232,21-02-2024 07:00,West,Mobile,9211
1233,21-02-2024 08:00,North,Tablet,20096
1234,21-02-2024 09:00,North,Headphones,19293
1235,21-02-2024 10:00,South,Mobile,8699
1236,21-02-2024 11:00,West,Mobile,11217
1237,21-02-2024 12:00,North,Laptop,36691
1238,21-02-2024 13:00,West,Tablet,10711
1239,21-02-2024 14:00,North,Mobile,46050
1240,21-02-2024 15:00,East,Tablet,23860
1241,21-02-2024 16:00,North,Mobile,22042
1242,21-02-2024 17:00,West,Headphones,31812
1243,21-02-2024 18:00,East,Headphones,45742
1244,21-02-2024 19:00,East,Mobile,36935
1245,21-02-2024 20:00,East,Headphones,28747
1246,21-02-2024 21:00,West,Mobile,22857
1247,21-02-2024 22:00,South,Headphones,41545
1248,21-02-2024 23:00,South,Laptop,28191
1249,22-02-2024 00:00,South,Laptop,12924
1250,22-02-2024 01:00,West,Laptop,19352
1251,22-02-2024 02:00,East,Tablet,23101
1252,22-02-2024 03:00,South,Tablet,18520
1253,22-02-2024 04:00,West,Laptop,8655
1254,22-02-2024 05:00,South,Tablet,4083
1255,22-02-2024 06:00,North,Headphones,16015
1256,22-02-2024 07:00,South,Mobile,37277
1257,22-02-2024 08:00,South,Mobile,20210
1258,22-02-2024 09:00,East,Mobile,43678
1259,22-02-2024 10:00,West,Laptop,25032
1260,22-02-2024 11:00,East,Tablet,19101
1261,22-02-2024 12:00,East,Headphones,5467
1262,22-02-2024 13:00,East,Headphones,19253
1263,22-02-2024 14:00,East,Laptop,20522
1264,22-02-2024 15:00,East,Headphones,43963
1265,22-02-2024 16:00,South,Headphones,9635
1266,22-02-2024 17:00,East,Headphones,6222
1267,22-02-2024 18:00,East,Headphones,27913
1268,22-02-2024 19:00,West,Tablet,27736
1269,22-02-2024 20:00,North,Headphones,16014
1270,22-02-2024 21:00,South,Mobile,44396
1271,22-02-2024 22:00,South,Laptop,37712
1272,22-02-2024 23:00,South,Tablet,40886
1273,23-02-2024 00:00,East,Headphones,20831
1274,23-02-2024 01:00,East,Tablet,18560
1275,23-02-2024 02:00,East,Headphones,1696
1276,23-02-2024 03:00,West,Mobile,12797
1277,23-02-2024 04:00,North,Laptop,3287
1278,23-02-2024 05:00,East,Headphones,24316
1279,23-02-2024 06:00,North,Headphones,41195
1280,23-02-2024 07:00,West,Headphones,20202
1281,23-02-2024 08:00,South,Headphones,25742
1282,23-02-2024 09:00,East,Laptop,2676
1283,23-02-2024 10:00,North,Laptop,20627
1284,23-02-2024 11:00,North,Mobile,42060
1285,23-02-2024 12:00,East,Laptop,27728
1286,23-02-2024 13:00,South,Headphones,20708
1287,23-02-2024 14:00,South,Mobile,28982
1288,23-02-2024 15:00,South,Mobile,9671
1289,23-02-2024 16:00,West,Mobile,35719
1290,23-02-2024 17:00,North,Headphones,33896
1291,23-02-2024 18:00,North,Tablet,43089
1292,23-02-2024 19:00,North,Headphones,41046
1293,23-02-2024 20:00,West,Laptop,4196
1294,23-02-2024 21:00,North,Laptop,20558
1295,23-02-2024 22:00,West,Headphones,20813
1296,23-02-2024 23:00,South,Headphones,19649
1297,24-02-2024 00:00,East,Mobile,46240
1298,24-02-2024 01:00,North,Headphones,41575
1299,24-02-2024 02:00,North,Mobile,5456
1300,24-02-2024 03:00,South,Laptop,10695
1301,24-02-2024 04:00,East,Mobile,17576
1302,24-02-2024 05:00,West,Headphones,1605
1303,24-02-2024 06:00,East,Laptop,15917
1304,24-02-2024 07:00,South,Tablet,25229
1305,24-02-2024 08:00,South,Mobile,47456
1306,24-02-2024 09:00,East,Laptop,30599
1307,24-02-2024 10:00,West,Mobile,33098
1308,24-02-2024 11:00,West,Laptop,30461
1309,24-02-2024 12:00,North,Laptop,13102
1310,24-02-2024 13:00,West,Mobile,9756
1311,24-02-2024 14:00,East,Tablet,21084
1312,24-02-2024 15:00,South,Laptop,47480
1313,24-02-2024 16:00,North,Laptop,35181
1314,24-02-2024 17:00,North,Laptop,26292
1315,24-02-2024 18:00,South,Tablet,22404
1316,24-02-2024 19:00,West,Tablet,43861
1317,24-02-2024 20:00,South,Headphones,35040
1318,24-02-2024 21:00,West,Mobile,27036
1319,24-02-2024 22:00,South,Tablet,19664
1320,24-02-2024 23:00,East,Mobile,13496
1321,25-02-2024 00:00,West,Headphones,3371
1322,25-02-2024 01:00,East,Mobile,46502
1323,25-02-2024 02:00,North,Tablet,23126
1324,25-02-2024 03:00,South,Mobile,11021
1325,25-02-2024 04:00,North,Tablet,43910
1326,25-02-2024 05:00,North,Mobile,1632
1327,25-02-2024 06:00,North,Tablet,33967
1328,25-02-2024 07:00,North,Tablet,15034
1329,25-02-2024 08:00,South,Mobile,24354
1330,25-02-2024 09:00,North,Headphones,43498
1331,25-02-2024 10:00,South,Laptop,39565
1332,25-02-2024 11:00,South,Headphones,46107
1333,25-02-2024 12:00,East,Mobile,8312
1334,25-02-2024 13:00,West,Headphones,5057
1335,25-02-2024 14:00,West,Tablet,2679
1336,25-02-2024 15:00,South,Laptop,44298
1337,25-02-2024 16:00,East,Mobile,9565
1338,25-02-2024 17:00,South,Mobile,8775
1339,25-02-2024 18:00,South,Mobile,48357
1340,25-02-2024 19:00,South,Laptop,36448
1341,25-02-2024 20:00,East,Tablet,21200
1342,25-02-2024 21:00,West,Mobile,39964
1343,25-02-2024 22:00,East,Headphones,42851
1344,25-02-2024 23:00,North,Mobile,28294
1345,26-02-2024 00:00,East,Mobile,29283
1346,26-02-2024 01:00,East,Mobile,17498
1347,26-02-2024 02:00,East,Mobile,14369
1348,26-02-2024 03:00,East,Tablet,45025
1349,26-02-2024 04:00,West,Headphones,28652
1350,26-02-2024 05:00,North,Tablet,21454
1351,26-02-2024 06:00,West,Headphones,32055
1352,26-02-2024 07:00,West,Mobile,17154
1353,26-02-2024 08:00,East,Laptop,45526
1354,26-02-2024 09:00,South,Tablet,35736
1355,26-02-2024 10:00,South,Laptop,47476
1356,26-02-2024 11:00,West,Tablet,15542
1357,26-02-2024 12:00,West,Mobile,26466
1358,26-02-2024 13:00,East,Tablet,48907
1359,26-02-2024 14:00,West,Mobile,44814
1360,26-02-2024 15:00,East,Tablet,45595
1361,26-02-2024 16:00,South,Mobile,14770
1362,26-02-2024 17:00,South,Mobile,31408
1363,26-02-2024 18:00,North,Headphones,16023
1364,26-02-2024 19:00,South,Mobile,47568
1365,26-02-2024 20:00,West,Headphones,20491
1366,26-02-2024 21:00,South,Mobile,11275
1367,26-02-2024 22:00,East,Laptop,12765
1368,26-02-2024 23:00,South,Mobile,19959
1369,27-02-2024 00:00,North,Laptop,17173
1370,27-02-2024 01:00,South,Laptop,27556
1371,27-02-2024 02:00,East,Mobile,7114
1372,27-02-2024 03:00,East,Laptop,36520
1373,27-02-2024 04:00,West,Headphones,7915
1374,27-02-2024 05:00,South,Tablet,23655
1375,27-02-2024 06:00,East,Mobile,49930
1376,27-02-2024 07:00,North,Laptop,44384
1377,27-02-2024 08:00,West,Mobile,17464
1378,27-02-2024 09:00,North,Headphones,38226
1379,27-02-2024 10:00,South,Mobile,37544
1380,27-02-2024 11:00,South,Mobile,38044
1381,27-02-2024 12:00,South,Laptop,32752
1382,27-02-2024 13:00,West,Headphones,4332
1383,27-02-2024 14:00,East,Tablet,25775
1384,27-02-2024 15:00,West,Tablet,15401
1385,27-02-2024 16:00,North,Laptop,38713
1386,27-02-2024 17:00,West,Mobile,34648
1387,27-02-2024 18:00,North,Laptop,43133
1388,27-02-2024 19:00,West,Laptop,23418
1389,27-02-2024 20:00,East,Laptop,47194
1390,27-02-2024 21:00,North,Mobile,20040
1391,27-02-2024 22:00,South,Headphones,12080
1392,27-02-2024 23:00,South,Laptop,38902
1393,28-02-2024 00:00,West,Mobile,39078
1394,28-02-2024 01:00,South,Headphones,25417
1395,28-02-2024 02:00,North,Laptop,22818
1396,28-02-2024 03:00,South,Tablet,10679
1397,28-02-2024 04:00,East,Headphones,12751
1398,28-02-2024 05:00,East,Laptop,46399
1399,28-02-2024 06:00,West,Headphones,19993
1400,28-02-2024 07:00,North,Headphones,20966
1401,28-02-2024 08:00,East,Headphones,30706
1402,28-02-2024 09:00,East,Headphones,45975
1403,28-02-2024 10:00,North,Headphones,20124
1404,28-02-2024 11:00,South,Headphones,27064
1405,28-02-2024 12:00,South,Laptop,22912
1406,28-02-2024 13:00,West,Tablet,28490
1407,28-02-2024 14:00,South,Mobile,36017
1408,28-02-2024 15:00,North,Headphones,13656
1409,28-02-2024 16:00,East,Mobile,23564
1410,28-02-2024 17:00,South,Laptop,26211
1411,28-02-2024 18:00,West,Headphones,30606
1412,28-02-2024 19:00,South,Tablet,17089
1413,28-02-2024 20:00,North,Mobile,24236
1414,28-02-2024 21:00,West,Headphones,21475
1415,28-02-2024 22:00,South,Laptop,36718
1416,28-02-2024 23:00,West,Tablet,7714
1417,29-02-2024 00:00,North,Mobile,31081
1418,29-02-2024 01:00,East,Mobile,20695
1419,29-02-2024 02:00,North,Headphones,45082
1420,29-02-2024 03:00,North,Tablet,27627
1421,29-02-2024 04:00,North,Tablet,5641
1422,29-02-2024 05:00,North,Tablet,29384
1423,29-02-2024 06:00,East,Tablet,25385
1424,29-02-2024 07:00,East,Laptop,3208
1425,29-02-2024 08:00,West,Tablet,18875
1426,29-02-2024 09:00,South,Mobile,15588
1427,29-02-2024 10:00,East,Mobile,45102
1428,29-02-2024 11:00,East,Laptop,45546
1429,29-02-2024 12:00,South,Mobile,10514
1430,29-02-2024 13:00,East,Mobile,3773
1431,29-02-2024 14:00,North,Tablet,47635
1432,29-02-2024 15:00,North,Mobile,37806
1433,29-02-2024 16:00,South,Laptop,31381
1434,29-02-2024 17:00,West,Tablet,31986
1435,29-02-2024 18:00,West,Headphones,13041
1436,29-02-2024 19:00,South,Tablet,9212
1437,29-02-2024 20:00,South,Laptop,9668
1438,29-02-2024 21:00,North,Tablet,4051
1439,29-02-2024 22:00,West,Tablet,12797
1440,29-02-2024 23:00,East,Laptop,44233
1441,01-03-2024 00:00,North,Tablet,27628
1442,01-03-2024 01:00,South,Laptop,3332
1443,01-03-2024 02:00,West,Laptop,28983
1444,01-03-2024 03:00,East,Headphones,22563
1445,01-03-2024 04:00,East,Mobile,23463
1446,01-03-2024 05:00,North,Mobile,13922
1447,01-03-2024 06:00,West,Tablet,33420
1448,01-03-2024 07:00,West,Tablet,11656
1449,01-03-2024 08:00,South,Headphones,11608
1450,01-03-2024 09:00,West,Headphones,32345
1451,01-03-2024 10:00,West,Headphones,3300
1452,01-03-2024 11:00,North,Laptop,38578
1453,01-03-2024 12:00,West,Headphones,43212
1454,01-03-2024 13:00,East,Headphones,3110
1455,01-03-2024 14:00,North,Tablet,12567
1456,01-03-2024 15:00,North,Headphones,34372
1457,01-03-2024 16:00,South,Laptop,11228
1458,01-03-2024 17:00,West,Laptop,30066
1459,01-03-2024 18:00,South,Tablet,30283
1460,01-03-2024 19:00,East,Headphones,21083
1461,01-03-2024 20:00,North,Headphones,20738
1462,01-03-2024 21:00,North,Laptop,7763
1463,01-03-2024 22:00,North,Headphones,2414
1464,01-03-2024 23:00,East,Headphones,24249
1465,02-03-2024 00:00,East,Headphones,19956
1466,02-03-2024 01:00,South,Mobile,26082
1467,02-03-2024 02:00,South,Tablet,906
1468,02-03-2024 03:00,South,Mobile,14189
1469,02-03-2024 04:00,West,Tablet,33434
1470,02-03-2024 05:00,North,Laptop,33776
1471,02-03-2024 06:00,North,Headphones,36932
1472,02-03-2024 07:00,South,Tablet,20373
1473,02-03-2024 08:00,North,Mobile,13550
1474,02-03-2024 09:00,South,Headphones,1180
1475,02-03-2024 10:00,West,Laptop,19408
1476,02-03-2024 11:00,West,Tablet,19004
1477,02-03-2024 12:00,East,Tablet,22144
1478,02-03-2024 13:00,West,Tablet,37625
1479,02-03-2024 14:00,South,Headphones,1863
1480,02-03-2024 15:00,West,Mobile,42791
1481,02-03-2024 16:00,East,Mobile,35560
1482,02-03-2024 17:00,North,Tablet,2038
1483,02-03-2024 18:00,South,Laptop,36676
1484,02-03-2024 19:00,North,Laptop,42020
1485,02-03-2024 20:00,East,Mobile,26175
1486,02-03-2024 21:00,East,Laptop,18787
1487,02-03-2024 22:00,East,Mobile,674
1488,02-03-2024 23:00,North,Tablet,27232
1489,03-03-2024 00:00,North,Mobile,35498
1490,03-03-2024 01:00,North,Mobile,37555
1491,03-03-2024 02:00,North,Tablet,12612
1492,03-03-2024 03:00,East,Laptop,40374
1493,03-03-2024 04:00,East,Mobile,10189
1494,03-03-2024 05:00,South,Mobile,45314
1495,03-03-2024 06:00,South,Tablet,20055
1496,03-03-2024 07:00,North,Laptop,34419
1497,03-03-2024 08:00,West,Mobile,8119
1498,03-03-2024 09:00,West,Tablet,6533
1499,03-03-2024 10:00,East,Mobile,41828
1500,03-03-2024 11:00,East,Headphones,5446
1501,03-03-2024 12:00,East,Tablet,25118
1502,03-03-2024 13:00,South,Laptop,35175
1503,03-03-2024 14:00,South,Laptop,36758
1504,03-03-2024 15:00,East,Laptop,19419
1505,03-03-2024 16:00,East,Laptop,4673
1506,03-03-2024 17:00,East,Mobile,44333
1507,03-03-2024 18:00,West,Mobile,26900
1508,03-03-2024 19:00,South,Laptop,5269
1509,03-03-2024 20:00,West,Laptop,38064
1510,03-03-2024 21:00,West,Laptop,46314
1511,03-03-2024 22:00,East,Mobile,14711
1512,03-03-2024 23:00,East,Laptop,23755
1513,04-03-2024 00:00,North,Laptop,28462
1514,04-03-2024 01:00,North,Headphones,19856
1515,04-03-2024 02:00,West,Headphones,20806
1516,04-03-2024 03:00,South,Laptop,5497
1517,04-03-2024 04:00,East,Tablet,17876
1518,04-03-2024 05:00,East,Laptop,41380
1519,04-03-2024 06:00,West,Headphones,38555
1520,04-03-2024 07:00,North,Tablet,11078
1521,04-03-2024 08:00,South,Tablet,19124
1522,04-03-2024 09:00,North,Laptop,39694
1523,04-03-2024 10:00,North,Headphones,44867
1524,04-03-2024 11:00,North,Headphones,889
1525,04-03-2024 12:00,North,Tablet,34267
1526,04-03-2024 13:00,East,Laptop,46080
1527,04-03-2024 14:00,East,Mobile,48867
1528,04-03-2024 15:00,North,Mobile,2355
1529,04-03-2024 16:00,South,Headphones,41393
1530,04-03-2024 17:00,West,Mobile,14294
1531,04-03-2024 18:00,South,Headphones,36031
1532,04-03-2024 19:00,South,Headphones,5486
1533,04-03-2024 20:00,South,Headphones,32798
1534,04-03-2024 21:00,North,Mobile,1981
1535,04-03-2024 22:00,East,Headphones,4231
1536,04-03-2024 23:00,South,Tablet,17335
1537,05-03-2024 00:00,North,Laptop,28298
1538,05-03-2024 01:00,South,Laptop,26613
1539,05-03-2024 02:00,South,Headphones,19977
1540,05-03-2024 03:00,North,Laptop,17766
1541,05-03-2024 04:00,East,Mobile,21292
1542,05-03-2024 05:00,East,Mobile,20952
1543,05-03-2024 06:00,West,Laptop,44026
1544,05-03-2024 07:00,North,Mobile,49579
1545,05-03-2024 08:00,West,Laptop,41834
1546,05-03-2024 09:00,West,Laptop,12389
1547,05-03-2024 10:00,West,Laptop,24835
1548,05-03-2024 11:00,East,Headphones,11754
1549,05-03-2024 12:00,North,Laptop,21574
1550,05-03-2024 13:00,West,Headphones,11942
1551,05-03-2024 14:00,North,Laptop,46789
1552,05-03-2024 15:00,North,Laptop,37827
1553,05-03-2024 16:00,East,Laptop,16699
1554,05-03-2024 17:00,West,Mobile,7791
1555,05-03-2024 18:00,West,Headphones,41428
1556,05-03-2024 19:00,North,Headphones,612
1557,05-03-2024 20:00,South,Laptop,22015
1558,05-03-2024 21:00,East,Laptop,20081
1559,05-03-2024 22:00,East,Mobile,49192
1560,05-03-2024 23:00,East,Mobile,27000
1561,06-03-2024 00:00,East,Mobile,32526
1562,06-03-2024 01:00,West,Headphones,17023
1563,06-03-2024 02:00,West,Headphones,1924
1564,06-03-2024 03:00,South,Headphones,20052
1565,06-03-2024 04:00,East,Laptop,11308
1566,06-03-2024 05:00,East,Headphones,39311
1567,06-03-2024 06:00,North,Tablet,7489
1568,06-03-2024 07:00,West,Tablet,24120
1569,06-03-2024 08:00,East,Mobile,39529
1570,06-03-2024 09:00,South,Headphones,1387
1571,06-03-2024 10:00,South,Tablet,32302
1572,06-03-2024 11:00,West,Mobile,19988
1573,06-03-2024 12:00,South,Headphones,30513
1574,06-03-2024 13:00,South,Laptop,49701
1575,06-03-2024 14:00,West,Tablet,16902
1576,06-03-2024 15:00,East,Laptop,21705
1577,06-03-2024 16:00,East,Headphones,26549
1578,06-03-2024 17:00,South,Tablet,12753
1579,06-03-2024 18:00,South,Headphones,19490
1580,06-03-2024 19:00,East,Laptop,8346
1581,06-03-2024 20:00,West,Tablet,25527
1582,06-03-2024 21:00,South,Laptop,39700
1583,06-03-2024 22:00,North,Headphones,46720
1584,06-03-2024 23:00,West,Headphones,46663
1585,07-03-2024 00:00,South,Laptop,4265
1586,07-03-2024 01:00,South,Tablet,16450
1587,07-03-2024 02:00,North,Laptop,45770
1588,07-03-2024 03:00,North,Headphones,10241
1589,07-03-2024 04:00,East,Laptop,23242
1590,07-03-2024 05:00,West,Headphones,25203
1591,07-03-2024 06:00,West,Laptop,39209
1592,07-03-2024 07:00,East,Tablet,38123
1593,07-03-2024 08:00,West,Tablet,23431
1594,07-03-2024 09:00,West,Laptop,24080
1595,07-03-2024 10:00,West,Laptop,15666
1596,07-03-2024 11:00,West,Tablet,29740
1597,07-03-2024 12:00,West,Headphones,26491
1598,07-03-2024 13:00,North,Tablet,39056
1599,07-03-2024 14:00,West,Headphones,33469
1600,07-03-2024 15:00,North,Laptop,11061
1601,07-03-2024 16:00,West,Laptop,17401
1602,07-03-2024 17:00,East,Headphones,41005
1603,07-03-2024 18:00,South,Laptop,30520
1604,07-03-2024 19:00,North,Headphones,26417
1605,07-03-2024 20:00,West,Mobile,2488
1606,07-03-2024 21:00,East,Tablet,48709
1607,07-03-2024 22:00,South,Mobile,45005
1608,07-03-2024 23:00,North,Headphones,14756
1609,08-03-2024 00:00,South,Tablet,22692
1610,08-03-2024 01:00,East,Headphones,28730
1611,08-03-2024 02:00,North,Tablet,40430
1612,08-03-2024 03:00,South,Tablet,46333
1613,08-03-2024 04:00,West,Tablet,23125
1614,08-03-2024 05:00,North,Tablet,32588
1615,08-03-2024 06:00,South,Headphones,14614
1616,08-03-2024 07:00,East,Tablet,41667
1617,08-03-2024 08:00,East,Tablet,38901
1618,08-03-2024 09:00,North,Mobile,6255
1619,08-03-2024 10:00,South,Laptop,11325
1620,08-03-2024 11:00,North,Laptop,23193
1621,08-03-2024 12:00,North,Mobile,4617
1622,08-03-2024 13:00,South,Mobile,25229
1623,08-03-2024 14:00,South,Headphones,32682
1624,08-03-2024 15:00,West,Headphones,29390
1625,08-03-2024 16:00,South,Headphones,29840
1626,08-03-2024 17:00,East,Mobile,2018
1627,08-03-2024 18:00,North,Mobile,31449
1628,08-03-2024 19:00,North,Tablet,23047
1629,08-03-2024 20:00,East,Headphones,16846
1630,08-03-2024 21:00,South,Headphones,3100
1631,08-03-2024 22:00,East,Headphones,46505
1632,08-03-2024 23:00,East,Laptop,29767
1633,09-03-2024 00:00,West,Tablet,36822
1634,09-03-2024 01:00,East,Headphones,27490
1635,09-03-2024 02:00,North,Headphones,16693
1636,09-03-2024 03:00,East,Headphones,30609
1637,09-03-2024 04:00,North,Laptop,19733
1638,09-03-2024 05:00,North,Laptop,48521
1639,09-03-2024 06:00,North,Mobile,16694
1640,09-03-2024 07:00,South,Tablet,35010
1641,09-03-2024 08:00,West,Mobile,1806
1642,09-03-2024 09:00,North,Tablet,4349
1643,09-03-2024 10:00,North,Laptop,12860
1644,09-03-2024 11:00,South,Headphones,46036
1645,09-03-2024 12:00,North,Mobile,29731
1646,09-03-2024 13:00,East,Headphones,46300
1647,09-03-2024 14:00,East,Mobile,37463
1648,09-03-2024 15:00,West,Laptop,19189
1649,09-03-2024 16:00,North,Laptop,29584
1650,09-03-2024 17:00,South,Laptop,40887
1651,09-03-2024 18:00,East,Mobile,9780
1652,09-03-2024 19:00,South,Tablet,3142
1653,09-03-2024 20:00,South,Mobile,42637
1654,09-03-2024 21:00,East,Tablet,14796
1655,09-03-2024 22:00,South,Mobile,15938
1656,09-03-2024 23:00,East,Mobile,48942
1657,10-03-2024 00:00,South,Laptop,38025
1658,10-03-2024 01:00,East,Headphones,3494
1659,10-03-2024 02:00,North,Headphones,48494
1660,10-03-2024 03:00,West,Tablet,34539
1661,10-03-2024 04:00,East,Headphones,2313
1662,10-03-2024 05:00,East,Mobile,27991
1663,10-03-2024 06:00,West,Mobile,19345
1664,10-03-2024 07:00,East,Laptop,41743
1665,10-03-2024 08:00,East,Laptop,37664
1666,10-03-2024 09:00,South,Headphones,42551
1667,10-03-2024 10:00,West,Tablet,13818
1668,10-03-2024 11:00,North,Headphones,17700
1669,10-03-2024 12:00,East,Headphones,582
1670,10-03-2024 13:00,West,Headphones,2420
1671,10-03-2024 14:00,South,Headphones,41085
1672,10-03-2024 15:00,North,Mobile,12183
1673,10-03-2024 16:00,West,Tablet,11836
1674,10-03-2024 17:00,North,Mobile,16096
1675,10-03-2024 18:00,North,Tablet,2593
1676,10-03-2024 19:00,North,Laptop,13405
1677,10-03-2024 20:00,East,Headphones,24851
1678,10-03-2024 21:00,East,Mobile,31481
1679,10-03-2024 22:00,South,Tablet,8867
1680,10-03-2024 23:00,South,Laptop,5785
1681,11-03-2024 00:00,West,Laptop,44164
1682,11-03-2024 01:00,South,Headphones,38205
1683,11-03-2024 02:00,North,Tablet,17253
1684,11-03-2024 03:00,North,Mobile,18985
1685,11-03-2024 04:00,East,Headphones,13477
1686,11-03-2024 05:00,North,Mobile,20374
1687,11-03-2024 06:00,West,Laptop,8174
1688,11-03-2024 07:00,North,Mobile,29538
1689,11-03-2024 08:00,North,Mobile,29815
1690,11-03-2024 09:00,West,Headphones,4176
1691,11-03-2024 10:00,South,Mobile,2926
1692,11-03-2024 11:00,South,Headphones,24973
1693,11-03-2024 12:00,West,Laptop,3462
1694,11-03-2024 13:00,East,Headphones,30443
1695,11-03-2024 14:00,North,Headphones,1359
1696,11-03-2024 15:00,West,Tablet,45316
1697,11-03-2024 16:00,North,Mobile,4638
1698,11-03-2024 17:00,East,Laptop,35692
1699,11-03-2024 18:00,North,Headphones,26140
1700,11-03-2024 19:00,West,Laptop,10909
1701,11-03-2024 20:00,North,Tablet,4517
1702,11-03-2024 21:00,South,Mobile,10951
1703,11-03-2024 22:00,East,Headphones,28827
1704,11-03-2024 23:00,East,Mobile,10778
1705,12-03-2024 00:00,East,Tablet,25444
1706,12-03-2024 01:00,West,Tablet,44264
1707,12-03-2024 02:00,East,Laptop,1634
1708,12-03-2024 03:00,South,Headphones,30631
1709,12-03-2024 04:00,West,Laptop,38387
1710,12-03-2024 05:00,South,Tablet,38962
1711,12-03-2024 06:00,North,Mobile,23020
1712,12-03-2024 07:00,North,Laptop,22369
1713,12-03-2024 08:00,North,Laptop,37432
1714,12-03-2024 09:00,North,Mobile,5539
1715,12-03-2024 10:00,South,Laptop,21781
1716,12-03-2024 11:00,West,Mobile,47899
1717,12-03-2024 12:00,West,Headphones,10942
1718,12-03-2024 13:00,East,Mobile,8752
1719,12-03-2024 14:00,South,Headphones,28086
1720,12-03-2024 15:00,North,Mobile,18068
1721,12-03-2024 16:00,South,Tablet,21310
1722,12-03-2024 17:00,East,Tablet,2051
1723,12-03-2024 18:00,East,Headphones,13125
1724,12-03-2024 19:00,South,Headphones,34897
1725,12-03-2024 20:00,South,Tablet,26749
1726,12-03-2024 21:00,South,Headphones,1861
1727,12-03-2024 22:00,West,Mobile,26649
1728,12-03-2024 23:00,North,Mobile,4870
1729,13-03-2024 00:00,South,Tablet,5783
1730,13-03-2024 01:00,South,Laptop,8110
1731,13-03-2024 02:00,South,Mobile,43826
1732,13-03-2024 03:00,East,Headphones,15424
1733,13-03-2024 04:00,East,Laptop,48107
1734,13-03-2024 05:00,West,Laptop,45217
1735,13-03-2024 06:00,North,Mobile,11126
1736,13-03-2024 07:00,West,Mobile,35261
1737,13-03-2024 08:00,North,Laptop,1369
1738,13-03-2024 09:00,East,Laptop,32052
1739,13-03-2024 10:00,East,Tablet,1514
1740,13-03-2024 11:00,East,Headphones,10603
1741,13-03-2024 12:00,West,Tablet,17486
1742,13-03-2024 13:00,South,Mobile,45281
1743,13-03-2024 14:00,South,Tablet,30971
1744,13-03-2024 15:00,East,Tablet,33958
1745,13-03-2024 16:00,South,Tablet,25569
1746,13-03-2024 17:00,South,Tablet,17373
1747,13-03-2024 18:00,West,Headphones,23748
1748,13-03-2024 19:00,North,Headphones,24124
1749,13-03-2024 20:00,East,Laptop,44016
1750,13-03-2024 21:00,East,Mobile,29561
1751,13-03-2024 22:00,West,Tablet,24670
1752,13-03-2024 23:00,West,Laptop,8524
1753,14-03-2024 00:00,South,Laptop,17178
1754,14-03-2024 01:00,East,Laptop,38756
1755,14-03-2024 02:00,North,Headphones,20911
1756,14-03-2024 03:00,West,Tablet,44303
1757,14-03-2024 04:00,North,Tablet,19796
1758,14-03-2024 05:00,North,Mobile,26793
1759,14-03-2024 06:00,East,Tablet,27672
1760,14-03-2024 07:00,East,Tablet,21628
1761,14-03-2024 08:00,West,Laptop,18757
1762,14-03-2024 09:00,East,Mobile,13355
1763,14-03-2024 10:00,East,Tablet,20142
1764,14-03-2024 11:00,East,Headphones,36085
1765,14-03-2024 12:00,North,Tablet,20525
1766,14-03-2024 13:00,West,Laptop,4958
1767,14-03-2024 14:00,South,Headphones,5807
1768,14-03-2024 15:00,North,Laptop,42201
1769,14-03-2024 16:00,East,Tablet,18925
1770,14-03-2024 17:00,North,Headphones,43927
1771,14-03-2024 18:00,East,Mobile,28773
1772,14-03-2024 19:00,East,Mobile,39006
1773,14-03-2024 20:00,North,Headphones,6168
1774,14-03-2024 21:00,West,Headphones,26434
1775,14-03-2024 22:00,East,Laptop,47695
1776,14-03-2024 23:00,West,Headphones,8197
1777,15-03-2024 00:00,South,Laptop,24917
1778,15-03-2024 01:00,East,Tablet,16946
1779,15-03-2024 02:00,West,Laptop,41097
1780,15-03-2024 03:00,West,Headphones,11251
1781,15-03-2024 04:00,South,Headphones,46718
1782,15-03-2024 05:00,West,Tablet,7852
1783,15-03-2024 06:00,West,Headphones,14016
1784,15-03-2024 07:00,South,Headphones,23799
1785,15-03-2024 08:00,East,Mobile,32457
1786,15-03-2024 09:00,West,Mobile,29427
1787,15-03-2024 10:00,West,Tablet,41594
1788,15-03-2024 11:00,West,Laptop,36912
1789,15-03-2024 12:00,North,Mobile,29993
1790,15-03-2024 13:00,South,Laptop,27211
1791,15-03-2024 14:00,North,Headphones,8503
1792,15-03-2024 15:00,South,Mobile,32207
1793,15-03-2024 16:00,East,Tablet,3778
1794,15-03-2024 17:00,East,Tablet,7796
1795,15-03-2024 18:00,West,Tablet,25898
1796,15-03-2024 19:00,South,Mobile,36342
1797,15-03-2024 20:00,East,Laptop,13761
1798,15-03-2024 21:00,South,Headphones,11673
1799,15-03-2024 22:00,East,Laptop,30949
1800,15-03-2024 23:00,North,Laptop,41580
1801,16-03-2024 00:00,East,Headphones,2137
1802,16-03-2024 01:00,North,Headphones,32281
1803,16-03-2024 02:00,East,Mobile,14152
1804,16-03-2024 03:00,West,Mobile,5603
1805,16-03-2024 04:00,North,Mobile,26000
1806,16-03-2024 05:00,East,Mobile,35300
1807,16-03-2024 06:00,West,Mobile,36029
1808,16-03-2024 07:00,North,Headphones,48463
1809,16-03-2024 08:00,West,Laptop,18952
1810,16-03-2024 09:00,South,Mobile,49893
1811,16-03-2024 10:00,South,Mobile,31674
1812,16-03-2024 11:00,North,Laptop,35936
1813,16-03-2024 12:00,East,Mobile,47906
1814,16-03-2024 13:00,North,Laptop,16454
1815,16-03-2024 14:00,West,Laptop,17686
1816,16-03-2024 15:00,East,Headphones,12856
1817,16-03-2024 16:00,South,Tablet,33463
1818,16-03-2024 17:00,East,Headphones,2687
1819,16-03-2024 18:00,South,Tablet,12207
1820,16-03-2024 19:00,East,Tablet,35598
1821,16-03-2024 20:00,East,Tablet,27435
1822,16-03-2024 21:00,East,Mobile,21725
1823,16-03-2024 22:00,West,Headphones,4106
1824,16-03-2024 23:00,West,Tablet,33328
1825,17-03-2024 00:00,North,Laptop,26989
1826,17-03-2024 01:00,North,Mobile,14887
1827,17-03-2024 02:00,South,Headphones,4427
1828,17-03-2024 03:00,West,Tablet,6796
1829,17-03-2024 04:00,South,Laptop,30944
1830,17-03-2024 05:00,North,Headphones,46890
1831,17-03-2024 06:00,South,Headphones,47393
1832,17-03-2024 07:00,North,Mobile,3091
1833,17-03-2024 08:00,West,Headphones,45395
1834,17-03-2024 09:00,East,Mobile,49016
1835,17-03-2024 10:00,West,Tablet,26647
1836,17-03-2024 11:00,South,Mobile,39389
1837,17-03-2024 12:00,South,Laptop,1700
1838,17-03-2024 13:00,West,Mobile,16221
1839,17-03-2024 14:00,West,Laptop,19738
1840,17-03-2024 15:00,North,Mobile,11587
1841,17-03-2024 16:00,South,Headphones,31316
1842,17-03-2024 17:00,South,Tablet,23908
1843,17-03-2024 18:00,West,Laptop,40240
1844,17-03-2024 19:00,East,Mobile,636
1845,17-03-2024 20:00,South,Mobile,17913
1846,17-03-2024 21:00,East,Mobile,48614
1847,17-03-2024 22:00,West,Headphones,19478
1848,17-03-2024 23:00,West,Headphones,1161
1849,18-03-2024 00:00,North,Laptop,35740
1850,18-03-2024 01:00,South,Laptop,27753
1851,18-03-2024 02:00,East,Headphones,27384
1852,18-03-2024 03:00,North,Laptop,33354
1853,18-03-2024 04:00,South,Tablet,11204
1854,18-03-2024 05:00,North,Tablet,39487
1855,18-03-2024 06:00,West,Headphones,25027
1856,18-03-2024 07:00,South,Laptop,16822
1857,18-03-2024 08:00,North,Mobile,48017
1858,18-03-2024 09:00,North,Tablet,7468
1859,18-03-2024 10:00,East,Headphones,28018
1860,18-03-2024 11:00,North,Laptop,46864
1861,18-03-2024 12:00,South,Headphones,28386
1862,18-03-2024 13:00,South,Mobile,2200
1863,18-03-2024 14:00,East,Tablet,28746
1864,18-03-2024 15:00,South,Headphones,35968
1865,18-03-2024 16:00,West,Headphones,23699
1866,18-03-2024 17:00,South,Headphones,45089
1867,18-03-2024 18:00,South,Mobile,32615
1868,18-03-2024 19:00,North,Headphones,6020
1869,18-03-2024 20:00,North,Mobile,44778
1870,18-03-2024 21:00,South,Mobile,36955
1871,18-03-2024 22:00,East,Mobile,21429
1872,18-03-2024 23:00,North,Tablet,42105
1873,19-03-2024 00:00,East,Tablet,15455
1874,19-03-2024 01:00,South,Headphones,44549
1875,19-03-2024 02:00,South,Headphones,14417
1876,19-03-2024 03:00,West,Tablet,5257
1877,19-03-2024 04:00,North,Laptop,13545
1878,19-03-2024 05:00,South,Tablet,42180
1879,19-03-2024 06:00,West,Mobile,5233
1880,19-03-2024 07:00,North,Tablet,31454
1881,19-03-2024 08:00,South,Mobile,31635
1882,19-03-2024 09:00,South,Headphones,7581
1883,19-03-2024 10:00,North,Laptop,41958
1884,19-03-2024 11:00,North,Headphones,24001
1885,19-03-2024 12:00,North,Mobile,21613
1886,19-03-2024 13:00,South,Mobile,34941
1887,19-03-2024 14:00,South,Mobile,47586
1888,19-03-2024 15:00,West,Laptop,25190
1889,19-03-2024 16:00,East,Tablet,44439
1890,19-03-2024 17:00,North,Headphones,29845
1891,19-03-2024 18:00,South,Headphones,46813
1892,19-03-2024 19:00,South,Tablet,45071
1893,19-03-2024 20:00,North,Headphones,27329
1894,19-03-2024 21:00,East,Laptop,35562
1895,19-03-2024 22:00,North,Headphones,4130
1896,19-03-2024 23:00,East,Mobile,48361
1897,20-03-2024 00:00,South,Tablet,32370
1898,20-03-2024 01:00,East,Laptop,49798
1899,20-03-2024 02:00,West,Tablet,47721
1900,20-03-2024 03:00,South,Laptop,45442
1901,20-03-2024 04:00,West,Mobile,3953
1902,20-03-2024 05:00,North,Tablet,37775
1903,20-03-2024 06:00,North,Headphones,43870
1904,20-03-2024 07:00,North,Laptop,38896
1905,20-03-2024 08:00,East,Tablet,8828
1906,20-03-2024 09:00,South,Headphones,16034
1907,20-03-2024 10:00,North,Tablet,20244
1908,20-03-2024 11:00,North,Tablet,19889
1909,20-03-2024 12:00,South,Tablet,36820
1910,20-03-2024 13:00,North,Laptop,49670
1911,20-03-2024 14:00,West,Headphones,35510
1912,20-03-2024 15:00,South,Mobile,15165
1913,20-03-2024 16:00,South,Laptop,38365
1914,20-03-2024 17:00,South,Laptop,9140
1915,20-03-2024 18:00,West,Laptop,35216
1916,20-03-2024 19:00,South,Mobile,26021
1917,20-03-2024 20:00,West,Headphones,30549
1918,20-03-2024 21:00,South,Headphones,6118
1919,20-03-2024 22:00,East,Headphones,37504
1920,20-03-2024 23:00,North,Tablet,2420
1921,21-03-2024 00:00,East,Tablet,44437
1922,21-03-2024 01:00,North,Tablet,4688
1923,21-03-2024 02:00,West,Mobile,12707
1924,21-03-2024 03:00,East,Tablet,738
1925,21-03-2024 04:00,South,Mobile,33472
1926,21-03-2024 05:00,North,Headphones,11299
1927,21-03-2024 06:00,North,Tablet,6052
1928,21-03-2024 07:00,East,Tablet,29416
1929,21-03-2024 08:00,West,Laptop,5427
1930,21-03-2024 09:00,East,Mobile,28464
1931,21-03-2024 10:00,West,Headphones,11664
1932,21-03-2024 11:00,West,Laptop,37658
1933,21-03-2024 12:00,North,Laptop,19571
1934,21-03-2024 13:00,East,Headphones,48909
1935,21-03-2024 14:00,East,Laptop,6660
1936,21-03-2024 15:00,West,Mobile,16310
1937,21-03-2024 16:00,East,Mobile,5626
1938,21-03-2024 17:00,South,Tablet,30509
1939,21-03-2024 18:00,South,Laptop,34084
1940,21-03-2024 19:00,East,Tablet,46682
1941,21-03-2024 20:00,East,Laptop,25896
1942,21-03-2024 21:00,West,Mobile,692
1943,21-03-2024 22:00,South,Mobile,36913
1944,21-03-2024 23:00,South,Mobile,13316
1945,22-03-2024 00:00,North,Laptop,39582
1946,22-03-2024 01:00,West,Mobile,32630
1947,22-03-2024 02:00,North,Laptop,40642
1948,22-03-2024 03:00,South,Tablet,36968
1949,22-03-2024 04:00,West,Laptop,31198
1950,22-03-2024 05:00,East,Tablet,11155
1951,22-03-2024 06:00,West,Laptop,48397
1952,22-03-2024 07:00,East,Tablet,30575
1953,22-03-2024 08:00,East,Mobile,9859
1954,22-03-2024 09:00,West,Tablet,37161
1955,22-03-2024 10:00,East,Mobile,40079
1956,22-03-2024 11:00,North,Mobile,42556
1957,22-03-2024 12:00,South,Tablet,33772
1958,22-03-2024 13:00,East,Laptop,43081
1959,22-03-2024 14:00,North,Laptop,15171
1960,22-03-2024 15:00,East,Headphones,27548
1961,22-03-2024 16:00,South,Laptop,11238
1962,22-03-2024 17:00,North,Headphones,26463
1963,22-03-2024 18:00,South,Speakers ,44454
1964,22-03-2024 19:00,South,Laptop,7273
1965,22-03-2024 20:00,North,Mobile,37084
1966,22-03-2024 21:00,North,Headphones,30394
1967,22-03-2024 22:00,North,Laptop,1217
1968,22-03-2024 23:00,West,Headphones,12176
1969,23-03-2024 00:00,North,Mobile,4934
1970,23-03-2024 01:00,North,Mobile,38325
1971,23-03-2024 02:00,North,Headphones,29600
1972,23-03-2024 03:00,North,Mobile,5494
1973,23-03-2024 04:00,East,Tablet,4734
1974,23-03-2024 05:00,West,Tablet,4264
1975,23-03-2024 06:00,South,Mobile,44449
1976,23-03-2024 07:00,North,Tablet,37905
1977,23-03-2024 08:00,East,Laptop,35372
1978,23-03-2024 09:00,East,Headphones,42715
1979,23-03-2024 10:00,East,Laptop,23685
1980,23-03-2024 11:00,South,Headphones,43942
1981,23-03-2024 12:00,North,Mobile,41653
1982,23-03-2024 13:00,West,Laptop,12499
1983,23-03-2024 14:00,West,Mobile,36987
1984,23-03-2024 15:00,East,Mobile,3081
1985,23-03-2024 16:00,South,Headphones,3263
1986,23-03-2024 17:00,South,Headphones,27874
1987,23-03-2024 18:00,South,Headphones,39259
1988,23-03-2024 19:00,West,Laptop,11031
1989,23-03-2024 20:00,East,Tablet,25807
1990,23-03-2024 21:00,North,Headphones,31335
1991,23-03-2024 22:00,West,Headphones,11564
1992,23-03-2024 23:00,East,Laptop,11812
1993,24-03-2024 00:00,East,Headphones,38048
1994,24-03-2024 01:00,North,Laptop,37445
1995,24-03-2024 02:00,North,Mobile,48437
1996,24-03-2024 03:00,North,Headphones,6976
1997,24-03-2024 04:00,South,Headphones,25065
1998,24-03-2024 05:00,North,Mobile,2882
1999,24-03-2024 06:00,East,Mobile,22963
2000,24-03-2024 07:00,North,Mobile,45776
