Order_ID,Order_Date,Region,Product,Sales_Amount
1,2024-01-01 00:00:00,East,Tablet,9935
2,2024-01-01 01:00:00,West,Headphones,38266
3,2024-01-01 02:00:00,North,Mobile,662
4,2024-01-01 03:00:00,East,Headphones,35242
5,2024-01-01 04:00:00,East,Headphones,20175
6,2024-01-01 05:00:00,West,Tablet,8961
7,2024-01-01 06:00:00,North,Headphones,17515
8,2024-01-01 07:00:00,North,Tablet,33091
9,2024-01-01 08:00:00,East,Laptop,28547
10,2024-01-01 09:00:00,South,Laptop,35282
11,2024-01-01 10:00:00,East,Tablet,10333
12,2024-01-01 11:00:00,East,Laptop,8396
13,2024-01-01 12:00:00,East,Mobile,33472
14,2024-01-01 13:00:00,East,Headphones,42300
15,2024-01-01 14:00:00,West,Mobile,31008
16,2024-01-01 15:00:00,North,Headphones,5847
17,2024-01-01 16:00:00,West,Laptop,30814
18,2024-01-01 17:00:00,West,Mobile,3143
19,2024-01-01 18:00:00,West,Laptop,41285
20,2024-01-01 19:00:00,East,Headphones,19181
21,2024-01-01 20:00:00,South,Tablet,38828
22,2024-01-01 21:00:00,North,Tablet,16392
23,2024-01-01 22:00:00,South,Mobile,47799
24,2024-01-01 23:00:00,West,Laptop,17573
25,2024-01-02 00:00:00,West,Laptop,37268
26,2024-01-02 01:00:00,South,Mobile,31182
27,2024-01-02 02:00:00,South,Tablet,32762
28,2024-01-02 03:00:00,South,Headphones,31858
29,2024-01-02 04:00:00,West,Mobile,14789
30,2024-01-02 05:00:00,West,Headphones,8427
31,2024-01-02 06:00:00,North,Tablet,48830
32,2024-01-02 07:00:00,North,Laptop,1671
33,2024-01-02 08:00:00,West,Tablet,12418
34,2024-01-02 09:00:00,South,Mobile,42403
35,2024-01-02 10:00:00,South,Laptop,39610
36,2024-01-02 11:00:00,North,Mobile,12429
37,2024-01-02 12:00:00,West,Mobile,3039
38,2024-01-02 13:00:00,North,Tablet,37227
39,2024-01-02 14:00:00,North,Mobile,46451
40,2024-01-02 15:00:00,East,Tablet,23169
41,2024-01-02 16:00:00,East,Laptop,5932
42,2024-01-02 17:00:00,East,Tablet,21144
43,2024-01-02 18:00:00,South,Laptop,19245
44,2024-01-02 19:00:00,West,Tablet,28728
45,2024-01-02 20:00:00,West,Headphones,35021
46,2024-01-02 21:00:00,West,Headphones,32203
47,2024-01-02 22:00:00,West,Mobile,27428
48,2024-01-02 23:00:00,East,Tablet,18822
49,2024-01-03 00:00:00,South,Tablet,22860
50,2024-01-03 01:00:00,South,Laptop,29555
51,2024-01-03 02:00:00,East,Mobile,43391
52,2024-01-03 03:00:00,South,Tablet,16876
53,2024-01-03 04:00:00,East,Mobile,7088
54,2024-01-03 05:00:00,West,Headphones,25500
55,2024-01-03 06:00:00,East,Tablet,6804
56,2024-01-03 07:00:00,West,Tablet,7845
57,2024-01-03 08:00:00,West,Mobile,29800
58,2024-01-03 09:00:00,North,Tablet,24759
59,2024-01-03 10:00:00,East,Mobile,25970
60,2024-01-03 11:00:00,North,Tablet,23517
61,2024-01-03 12:00:00,East,Laptop,15852
62,2024-01-03 13:00:00,East,Mobile,33865
63,2024-01-03 14:00:00,North,Tablet,19946
64,2024-01-03 15:00:00,North,Headphones,2836
65,2024-01-03 16:00:00,East,Tablet,10379
66,2024-01-03 17:00:00,South,Headphones,32816
67,2024-01-03 18:00:00,West,Headphones,33840
68,2024-01-03 19:00:00,North,Laptop,8021
69,2024-01-03 20:00:00,West,Mobile,6671
70,2024-01-03 21:00:00,South,Tablet,23981
71,2024-01-03 22:00:00,South,Laptop,18974
72,2024-01-03 23:00:00,South,Tablet,47260
73,2024-01-04 00:00:00,North,Headphones,45129
74,2024-01-04 01:00:00,South,Mobile,45732
75,2024-01-04 02:00:00,North,Tablet,21508
76,2024-01-04 03:00:00,South,Tablet,2133
77,2024-01-04 04:00:00,West,Headphones,12985
78,2024-01-04 05:00:00,West,Tablet,44117
79,2024-01-04 06:00:00,East,Tablet,4148
80,2024-01-04 07:00:00,West,Headphones,48445
81,2024-01-04 08:00:00,East,Laptop,13640
82,2024-01-04 09:00:00,West,Headphones,18421
83,2024-01-04 10:00:00,North,Laptop,14857
84,2024-01-04 11:00:00,West,Mobile,46636
85,2024-01-04 12:00:00,East,Laptop,3637
86,2024-01-04 13:00:00,East,Laptop,597
87,2024-01-04 14:00:00,South,Mobile,11907
88,2024-01-04 15:00:00,North,Laptop,31075
89,2024-01-04 16:00:00,West,Headphones,13222
90,2024-01-04 17:00:00,South,Laptop,13424
91,2024-01-04 18:00:00,West,Mobile,4250
92,2024-01-04 19:00:00,West,Headphones,28233
93,2024-01-04 20:00:00,South,Mobile,9035
94,2024-01-04 21:00:00,South,Mobile,24987
95,2024-01-04 22:00:00,South,Tablet,31151
96,2024-01-04 23:00:00,South,Tablet,5166
97,2024-01-05 00:00:00,South,Mobile,49277
98,2024-01-05 01:00:00,West,Mobile,17494
99,2024-01-05 02:00:00,South,Mobile,2227
100,2024-01-05 03:00:00,North,Tablet,35122
101,2024-01-05 04:00:00,East,Tablet,11300
102,2024-01-05 05:00:00,South,Laptop,38323
103,2024-01-05 06:00:00,South,Laptop,43539
104,2024-01-05 07:00:00,West,Mobile,19208
105,2024-01-05 08:00:00,South,Headphones,13319
106,2024-01-05 09:00:00,South,Headphones,9869
107,2024-01-05 10:00:00,South,Tablet,9783
108,2024-01-05 11:00:00,West,Tablet,31073
109,2024-01-05 12:00:00,South,Tablet,13671
110,2024-01-05 13:00:00,East,Mobile,31433
111,2024-01-05 14:00:00,West,Headphones,6274
112,2024-01-05 15:00:00,East,Laptop,7019
113,2024-01-05 16:00:00,West,Mobile,11483
114,2024-01-05 17:00:00,South,Laptop,31432
115,2024-01-05 18:00:00,East,Laptop,31298
116,2024-01-05 19:00:00,West,Mobile,18633
117,2024-01-05 20:00:00,North,Laptop,15439
118,2024-01-05 21:00:00,South,Headphones,1281
119,2024-01-05 22:00:00,West,Laptop,49550
120,2024-01-05 23:00:00,North,Headphones,28124
121,2024-01-06 00:00:00,West,Headphones,7323
122,2024-01-06 01:00:00,North,Headphones,18989
123,2024-01-06 02:00:00,South,Tablet,40461
124,2024-01-06 03:00:00,East,Laptop,29618
125,2024-01-06 04:00:00,North,Mobile,35381
126,2024-01-06 05:00:00,West,Mobile,16780
127,2024-01-06 06:00:00,South,Laptop,22763
128,2024-01-06 07:00:00,North,Tablet,14065
129,2024-01-06 08:00:00,West,Tablet,20854
130,2024-01-06 09:00:00,West,Headphones,43451
131,2024-01-06 10:00:00,West,Laptop,26143
132,2024-01-06 11:00:00,North,Laptop,24148
133,2024-01-06 12:00:00,North,Mobile,42471
134,2024-01-06 13:00:00,North,Laptop,19158
135,2024-01-06 14:00:00,East,Tablet,21753
136,2024-01-06 15:00:00,North,Laptop,49063
137,2024-01-06 16:00:00,North,Mobile,26890
138,2024-01-06 17:00:00,North,Headphones,23628
139,2024-01-06 18:00:00,East,Mobile,13989
140,2024-01-06 19:00:00,North,Mobile,38814
141,2024-01-06 20:00:00,West,Headphones,33158
142,2024-01-06 21:00:00,North,Mobile,7352
143,2024-01-06 22:00:00,West,Mobile,29950
144,2024-01-06 23:00:00,West,Laptop,3051
145,2024-01-07 00:00:00,West,Laptop,6911
146,2024-01-07 01:00:00,East,Headphones,49659
147,2024-01-07 02:00:00,East,Laptop,33743
148,2024-01-07 03:00:00,East,Laptop,22300
149,2024-01-07 04:00:00,North,Mobile,10903
150,2024-01-07 05:00:00,West,Tablet,7739
151,2024-01-07 06:00:00,East,Laptop,7210
152,2024-01-07 07:00:00,East,Tablet,21884
153,2024-01-07 08:00:00,North,Laptop,21538
154,2024-01-07 09:00:00,East,Laptop,41346
155,2024-01-07 10:00:00,North,Headphones,22947
156,2024-01-07 11:00:00,South,Headphones,2785
157,2024-01-07 12:00:00,East,Headphones,38491
158,2024-01-07 13:00:00,South,Tablet,14021
159,2024-01-07 14:00:00,North,Mobile,48157
160,2024-01-07 15:00:00,West,Laptop,7471
161,2024-01-07 16:00:00,East,Laptop,29639
162,2024-01-07 17:00:00,North,Laptop,20409
163,2024-01-07 18:00:00,West,Tablet,12031
164,2024-01-07 19:00:00,West,Headphones,15221
165,2024-01-07 20:00:00,South,Mobile,19706
166,2024-01-07 21:00:00,North,Tablet,38211
167,2024-01-07 22:00:00,West,Headphones,7030
168,2024-01-07 23:00:00,East,Tablet,11616
169,2024-01-08 00:00:00,East,Mobile,758
170,2024-01-08 01:00:00,South,Headphones,782
171,2024-01-08 02:00:00,West,Tablet,14437
172,2024-01-08 03:00:00,North,Mobile,2398
173,2024-01-08 04:00:00,East,Laptop,4635
174,2024-01-08 05:00:00,West,Mobile,7129
175,2024-01-08 06:00:00,West,Laptop,44436
176,2024-01-08 07:00:00,South,Tablet,20084
177,2024-01-08 08:00:00,East,Headphones,24051
178,2024-01-08 09:00:00,East,Headphones,33880
179,2024-01-08 10:00:00,North,Tablet,47471
180,2024-01-08 11:00:00,East,Headphones,17571
181,2024-01-08 12:00:00,North,Headphones,20574
182,2024-01-08 13:00:00,East,Laptop,25688
183,2024-01-08 14:00:00,South,Tablet,2807
184,2024-01-08 15:00:00,East,Mobile,40401
185,2024-01-08 16:00:00,North,Laptop,11705
186,2024-01-08 17:00:00,North,Tablet,6406
187,2024-01-08 18:00:00,South,Laptop,3091
188,2024-01-08 19:00:00,East,Mobile,15649
189,2024-01-08 20:00:00,East,Mobile,45418
190,2024-01-08 21:00:00,South,Tablet,40451
191,2024-01-08 22:00:00,East,Mobile,25650
192,2024-01-08 23:00:00,East,Laptop,32352
193,2024-01-09 00:00:00,North,Mobile,43370
194,2024-01-09 01:00:00,East,Laptop,1783
195,2024-01-09 02:00:00,East,Laptop,34191
196,2024-01-09 03:00:00,South,Mobile,1625
197,2024-01-09 04:00:00,South,Tablet,2029
198,2024-01-09 05:00:00,West,Headphones,26670
199,2024-01-09 06:00:00,North,Mobile,8938
200,2024-01-09 07:00:00,East,Laptop,20595
201,2024-01-09 08:00:00,East,Laptop,16654
202,2024-01-09 09:00:00,West,Mobile,8504
203,2024-01-09 10:00:00,East,Tablet,10252
204,2024-01-09 11:00:00,North,Tablet,43860
205,2024-01-09 12:00:00,West,Laptop,27319
206,2024-01-09 13:00:00,North,Laptop,37132
207,2024-01-09 14:00:00,West,Tablet,27015
208,2024-01-09 15:00:00,West,Headphones,24717
209,2024-01-09 16:00:00,South,Mobile,23672
210,2024-01-09 17:00:00,North,Laptop,33494
211,2024-01-09 18:00:00,East,Laptop,15536
212,2024-01-09 19:00:00,East,Tablet,12239
213,2024-01-09 20:00:00,North,Mobile,32720
214,2024-01-09 21:00:00,East,Tablet,49916
215,2024-01-09 22:00:00,East,Mobile,10087
216,2024-01-09 23:00:00,North,Mobile,45017
217,2024-01-10 00:00:00,West,Mobile,30629
218,2024-01-10 01:00:00,North,Laptop,1145
219,2024-01-10 02:00:00,West,Headphones,31430
220,2024-01-10 03:00:00,East,Tablet,16799
221,2024-01-10 04:00:00,East,Headphones,30590
222,2024-01-10 05:00:00,East,Tablet,22453
223,2024-01-10 06:00:00,South,Mobile,46943
224,2024-01-10 07:00:00,West,Laptop,26975
225,2024-01-10 08:00:00,South,Headphones,19388
226,2024-01-10 09:00:00,South,Laptop,44232
227,2024-01-10 10:00:00,North,Tablet,16587
228,2024-01-10 11:00:00,South,Laptop,46805
229,2024-01-10 12:00:00,North,Laptop,46537
230,2024-01-10 13:00:00,North,Headphones,9846
231,2024-01-10 14:00:00,South,Mobile,1087
232,2024-01-10 15:00:00,West,Laptop,13263
233,2024-01-10 16:00:00,West,Mobile,42445
234,2024-01-10 17:00:00,West,Tablet,4579
235,2024-01-10 18:00:00,West,Laptop,36616
236,2024-01-10 19:00:00,West,Headphones,20715
237,2024-01-10 20:00:00,South,Tablet,26317
238,2024-01-10 21:00:00,South,Tablet,25265
239,2024-01-10 22:00:00,East,Headphones,30612
240,2024-01-10 23:00:00,West,Laptop,26056
241,2024-01-11 00:00:00,South,Laptop,18599
242,2024-01-11 01:00:00,East,Tablet,44053
243,2024-01-11 02:00:00,West,Laptop,45596
244,2024-01-11 03:00:00,North,Mobile,6950
245,2024-01-11 04:00:00,East,Headphones,13730
246,2024-01-11 05:00:00,South,Mobile,29509
247,2024-01-11 06:00:00,North,Laptop,5933
248,2024-01-11 07:00:00,North,Tablet,34366
249,2024-01-11 08:00:00,North,Headphones,40364
250,2024-01-11 09:00:00,East,Laptop,19210
251,2024-01-11 10:00:00,South,Laptop,11939
252,2024-01-11 11:00:00,North,Tablet,42355
253,2024-01-11 12:00:00,West,Tablet,16521
254,2024-01-11 13:00:00,North,Mobile,6916
255,2024-01-11 14:00:00,North,Headphones,7480
256,2024-01-11 15:00:00,East,Headphones,18558
257,2024-01-11 16:00:00,East,Tablet,11601
258,2024-01-11 17:00:00,South,Mobile,41218
259,2024-01-11 18:00:00,West,Headphones,33102
260,2024-01-11 19:00:00,East,Tablet,9622
261,2024-01-11 20:00:00,North,Laptop,13076
262,2024-01-11 21:00:00,South,Headphones,28016
263,2024-01-11 22:00:00,North,Mobile,22933
264,2024-01-11 23:00:00,North,Mobile,1589
265,2024-01-12 00:00:00,East,Mobile,37846
266,2024-01-12 01:00:00,South,Laptop,9627
267,2024-01-12 02:00:00,West,Headphones,10987
268,2024-01-12 03:00:00,West,Headphones,655
269,2024-01-12 04:00:00,East,Laptop,2458
270,2024-01-12 05:00:00,East,Headphones,11193
271,2024-01-12 06:00:00,South,Laptop,39612
272,2024-01-12 07:00:00,West,Laptop,39047
273,2024-01-12 08:00:00,West,Laptop,29295
274,2024-01-12 09:00:00,West,Mobile,21947
275,2024-01-12 10:00:00,North,Headphones,37098
276,2024-01-12 11:00:00,West,Laptop,42314
277,2024-01-12 12:00:00,North,Headphones,25715
278,2024-01-12 13:00:00,South,Mobile,10294
279,2024-01-12 14:00:00,North,Laptop,33709
280,2024-01-12 15:00:00,South,Tablet,22924
281,2024-01-12 16:00:00,West,Mobile,47746
282,2024-01-12 17:00:00,West,Tablet,37896
283,2024-01-12 18:00:00,South,Headphones,6870
284,2024-01-12 19:00:00,East,Headphones,10028
285,2024-01-12 20:00:00,South,Mobile,28776
286,2024-01-12 21:00:00,East,Headphones,44833
287,2024-01-12 22:00:00,North,Tablet,8679
288,2024-01-12 23:00:00,North,Laptop,49281
289,2024-01-13 00:00:00,North,Laptop,17343
290,2024-01-13 01:00:00,West,Laptop,24452
291,2024-01-13 02:00:00,North,Mobile,33660
292,2024-01-13 03:00:00,East,Headphones,45398
293,2024-01-13 04:00:00,North,Tablet,30016
294,2024-01-13 05:00:00,South,Headphones,10949
295,2024-01-13 06:00:00,South,Headphones,21625
296,2024-01-13 07:00:00,West,Headphones,7918
297,2024-01-13 08:00:00,South,Laptop,23246
298,2024-01-13 09:00:00,East,Tablet,2954
299,2024-01-13 10:00:00,North,Tablet,18261
300,2024-01-13 11:00:00,West,Headphones,15723
301,2024-01-13 12:00:00,North,Laptop,7201
302,2024-01-13 13:00:00,North,Laptop,3097
303,2024-01-13 14:00:00,East,Tablet,641
304,2024-01-13 15:00:00,South,Laptop,3159
305,2024-01-13 16:00:00,South,Laptop,21480
306,2024-01-13 17:00:00,North,Laptop,9531
307,2024-01-13 18:00:00,West,Mobile,15537
308,2024-01-13 19:00:00,South,Headphones,47238
309,2024-01-13 20:00:00,West,Tablet,38929
310,2024-01-13 21:00:00,South,Tablet,6642
311,2024-01-13 22:00:00,West,Mobile,12609
312,2024-01-13 23:00:00,East,Headphones,22510
313,2024-01-14 00:00:00,West,Tablet,9287
314,2024-01-14 01:00:00,East,Laptop,43364
315,2024-01-14 02:00:00,East,Tablet,8972
316,2024-01-14 03:00:00,West,Laptop,23883
317,2024-01-14 04:00:00,East,Mobile,4749
318,2024-01-14 05:00:00,North,Laptop,48217
319,2024-01-14 06:00:00,East,Tablet,35018
320,2024-01-14 07:00:00,South,Tablet,18851
321,2024-01-14 08:00:00,West,Tablet,4588
322,2024-01-14 09:00:00,North,Mobile,15782
323,2024-01-14 10:00:00,West,Mobile,19830
324,2024-01-14 11:00:00,South,Headphones,42909
325,2024-01-14 12:00:00,South,Tablet,22278
326,2024-01-14 13:00:00,South,Laptop,24764
327,2024-01-14 14:00:00,East,Mobile,5575
328,2024-01-14 15:00:00,East,Tablet,10912
329,2024-01-14 16:00:00,West,Tablet,48954
330,2024-01-14 17:00:00,West,Mobile,28865
331,2024-01-14 18:00:00,North,Headphones,7730
332,2024-01-14 19:00:00,North,Mobile,48700
333,2024-01-14 20:00:00,West,Mobile,11502
334,2024-01-14 21:00:00,East,Laptop,14447
335,2024-01-14 22:00:00,South,Laptop,14186
336,2024-01-14 23:00:00,West,Headphones,29804
337,2024-01-15 00:00:00,North,Tablet,13574
338,2024-01-15 01:00:00,East,Mobile,4993
339,2024-01-15 02:00:00,West,Headphones,34728
340,2024-01-15 03:00:00,West,Laptop,14640
341,2024-01-15 04:00:00,East,Mobile,32155
342,2024-01-15 05:00:00,West,Tablet,43972
343,2024-01-15 06:00:00,East,Laptop,49937
344,2024-01-15 07:00:00,South,Laptop,49916
345,2024-01-15 08:00:00,East,Laptop,7316
346,2024-01-15 09:00:00,East,Headphones,12139
347,2024-01-15 10:00:00,East,Tablet,47692
348,2024-01-15 11:00:00,West,Mobile,47233
349,2024-01-15 12:00:00,West,Headphones,29992
350,2024-01-15 13:00:00,East,Headphones,11740
351,2024-01-15 14:00:00,West,Headphones,33198
352,2024-01-15 15:00:00,North,Laptop,27457
353,2024-01-15 16:00:00,North,Tablet,33308
354,2024-01-15 17:00:00,West,Headphones,6327
355,2024-01-15 18:00:00,West,Mobile,33262
356,2024-01-15 19:00:00,East,Tablet,8759
357,2024-01-15 20:00:00,South,Mobile,15349
358,2024-01-15 21:00:00,West,Tablet,16732
359,2024-01-15 22:00:00,North,Mobile,41072
360,2024-01-15 23:00:00,East,Laptop,24673
361,2024-01-16 00:00:00,West,Headphones,5874
362,2024-01-16 01:00:00,North,Mobile,21674
363,2024-01-16 02:00:00,North,Tablet,24067
364,2024-01-16 03:00:00,South,Headphones,35792
365,2024-01-16 04:00:00,East,Headphones,9777
366,2024-01-16 05:00:00,East,Tablet,32100
367,2024-01-16 06:00:00,South,Mobile,10385
368,2024-01-16 07:00:00,South,Laptop,1278
369,2024-01-16 08:00:00,East,Laptop,29665
370,2024-01-16 09:00:00,East,Mobile,1992
371,2024-01-16 10:00:00,West,Headphones,30962
372,2024-01-16 11:00:00,West,Headphones,14115
373,2024-01-16 12:00:00,South,Headphones,45400
374,2024-01-16 13:00:00,West,Headphones,43446
375,2024-01-16 14:00:00,North,Mobile,8351
376,2024-01-16 15:00:00,West,Headphones,16788
377,2024-01-16 16:00:00,West,Tablet,7656
378,2024-01-16 17:00:00,North,Headphones,2544
379,2024-01-16 18:00:00,South,Laptop,7868
380,2024-01-16 19:00:00,North,Headphones,20400
381,2024-01-16 20:00:00,West,Mobile,31100
382,2024-01-16 21:00:00,South,Laptop,46903
383,2024-01-16 22:00:00,West,Mobile,26134
384,2024-01-16 23:00:00,North,Mobile,9668
385,2024-01-17 00:00:00,North,Laptop,21461
386,2024-01-17 01:00:00,West,Mobile,44596
387,2024-01-17 02:00:00,East,Mobile,46587
388,2024-01-17 03:00:00,East,Headphones,24352
389,2024-01-17 04:00:00,North,Tablet,33610
390,2024-01-17 05:00:00,North,Mobile,32674
391,2024-01-17 06:00:00,East,Mobile,34715
392,2024-01-17 07:00:00,East,Mobile,27455
393,2024-01-17 08:00:00,West,Headphones,7081
394,2024-01-17 09:00:00,West,Tablet,45119
395,2024-01-17 10:00:00,East,Laptop,6817
396,2024-01-17 11:00:00,West,Headphones,43356
397,2024-01-17 12:00:00,West,Headphones,46214
398,2024-01-17 13:00:00,South,Tablet,27149
399,2024-01-17 14:00:00,West,Tablet,23632
400,2024-01-17 15:00:00,North,Headphones,17289
401,2024-01-17 16:00:00,West,Laptop,15067
402,2024-01-17 17:00:00,West,Headphones,15368
403,2024-01-17 18:00:00,East,Tablet,24870
404,2024-01-17 19:00:00,North,Laptop,43033
405,2024-01-17 20:00:00,West,Tablet,30983
406,2024-01-17 21:00:00,West,Laptop,12966
407,2024-01-17 22:00:00,South,Mobile,29303
408,2024-01-17 23:00:00,West,Tablet,18730
409,2024-01-18 00:00:00,West,Tablet,18362
410,2024-01-18 01:00:00,South,Headphones,43855
411,2024-01-18 02:00:00,East,Tablet,31759
412,2024-01-18 03:00:00,West,Tablet,34039
413,2024-01-18 04:00:00,South,Mobile,22409
414,2024-01-18 05:00:00,North,Tablet,31295
415,2024-01-18 06:00:00,East,Mobile,49568
416,2024-01-18 07:00:00,North,Mobile,9270
417,2024-01-18 08:00:00,North,Mobile,11593
418,2024-01-18 09:00:00,South,Mobile,47071
419,2024-01-18 10:00:00,West,Laptop,693
420,2024-01-18 11:00:00,South,Headphones,35275
421,2024-01-18 12:00:00,South,Laptop,18069
422,2024-01-18 13:00:00,South,Tablet,11690
423,2024-01-18 14:00:00,South,Laptop,43252
424,2024-01-18 15:00:00,East,Laptop,32827
425,2024-01-18 16:00:00,West,Tablet,42570
426,2024-01-18 17:00:00,North,Tablet,20889
427,2024-01-18 18:00:00,North,Tablet,40697
428,2024-01-18 19:00:00,West,Laptop,2761
429,2024-01-18 20:00:00,North,Laptop,28869
430,2024-01-18 21:00:00,West,Tablet,27012
431,2024-01-18 22:00:00,North,Headphones,7216
432,2024-01-18 23:00:00,South,Headphones,21759
433,2024-01-19 00:00:00,North,Mobile,29433
434,2024-01-19 01:00:00,West,Tablet,42189
435,2024-01-19 02:00:00,West,Mobile,4878
436,2024-01-19 03:00:00,West,Headphones,41083
437,2024-01-19 04:00:00,West,Mobile,47046
438,2024-01-19 05:00:00,West,Tablet,20335
439,2024-01-19 06:00:00,East,Tablet,29533
440,2024-01-19 07:00:00,East,Tablet,24500
441,2024-01-19 08:00:00,North,Laptop,45996
442,2024-01-19 09:00:00,West,Mobile,10832
443,2024-01-19 10:00:00,North,Headphones,43104
444,2024-01-19 11:00:00,West,Headphones,3300
445,2024-01-19 12:00:00,West,Headphones,30038
446,2024-01-19 13:00:00,East,Laptop,30619
447,2024-01-19 14:00:00,East,Laptop,8833
448,2024-01-19 15:00:00,South,Tablet,5910
449,2024-01-19 16:00:00,East,Headphones,18339
450,2024-01-19 17:00:00,South,Laptop,31019
451,2024-01-19 18:00:00,South,Tablet,6308
452,2024-01-19 19:00:00,South,Headphones,7296
453,2024-01-19 20:00:00,South,Mobile,21680
454,2024-01-19 21:00:00,South,Tablet,43556
455,2024-01-19 22:00:00,North,Laptop,18209
456,2024-01-19 23:00:00,East,Laptop,18043
457,2024-01-20 00:00:00,South,Tablet,37918
458,2024-01-20 01:00:00,West,Tablet,29575
459,2024-01-20 02:00:00,East,Laptop,38255
460,2024-01-20 03:00:00,East,Mobile,48468
461,2024-01-20 04:00:00,South,Headphones,37965
462,2024-01-20 05:00:00,North,Mobile,31002
463,2024-01-20 06:00:00,South,Tablet,17224
464,2024-01-20 07:00:00,North,Mobile,4328
465,2024-01-20 08:00:00,West,Laptop,17587
466,2024-01-20 09:00:00,East,Tablet,13105
467,2024-01-20 10:00:00,West,Headphones,31837
468,2024-01-20 11:00:00,North,Laptop,5982
469,2024-01-20 12:00:00,North,Laptop,27505
470,2024-01-20 13:00:00,West,Headphones,23260
471,2024-01-20 14:00:00,North,Headphones,5963
472,2024-01-20 15:00:00,West,Mobile,47128
473,2024-01-20 16:00:00,East,Tablet,5412
474,2024-01-20 17:00:00,West,Headphones,5148
475,2024-01-20 18:00:00,East,Headphones,34123
476,2024-01-20 19:00:00,West,Tablet,36134
477,2024-01-20 20:00:00,North,Headphones,45102
478,2024-01-20 21:00:00,West,Headphones,49562
479,2024-01-20 22:00:00,North,Mobile,49834
480,2024-01-20 23:00:00,West,Laptop,3612
481,2024-01-21 00:00:00,West,Laptop,22554
482,2024-01-21 01:00:00,South,Laptop,4992
483,2024-01-21 02:00:00,North,Laptop,22707
484,2024-01-21 03:00:00,South,Headphones,15614
485,2024-01-21 04:00:00,North,Tablet,34785
486,2024-01-21 05:00:00,South,Tablet,16518
487,2024-01-21 06:00:00,East,Mobile,21886
488,2024-01-21 07:00:00,West,Mobile,18240
489,2024-01-21 08:00:00,North,Headphones,44699
490,2024-01-21 09:00:00,North,Tablet,8710
491,2024-01-21 10:00:00,West,Tablet,44863
492,2024-01-21 11:00:00,North,Laptop,46139
493,2024-01-21 12:00:00,North,Headphones,13243
494,2024-01-21 13:00:00,South,Headphones,42592
495,2024-01-21 14:00:00,North,Laptop,44799
496,2024-01-21 15:00:00,East,Headphones,7088
497,2024-01-21 16:00:00,East,Headphones,3811
498,2024-01-21 17:00:00,West,Mobile,22932
499,2024-01-21 18:00:00,North,Tablet,34255
500,2024-01-21 19:00:00,West,Headphones,3821
501,2024-01-21 20:00:00,East,Mobile,16312
502,2024-01-21 21:00:00,North,Tablet,37883
503,2024-01-21 22:00:00,North,Laptop,48780
504,2024-01-21 23:00:00,West,Mobile,13646
505,2024-01-22 00:00:00,East,Mobile,14154
506,2024-01-22 01:00:00,North,Tablet,36320
507,2024-01-22 02:00:00,West,Laptop,1226
508,2024-01-22 03:00:00,East,Mobile,4260
509,2024-01-22 04:00:00,West,Headphones,22690
510,2024-01-22 05:00:00,South,Headphones,2375
511,2024-01-22 06:00:00,North,Headphones,23877
512,2024-01-22 07:00:00,South,Laptop,47237
513,2024-01-22 08:00:00,East,Mobile,4533
514,2024-01-22 09:00:00,South,Headphones,38711
515,2024-01-22 10:00:00,South,Laptop,17873
516,2024-01-22 11:00:00,East,Headphones,4244
517,2024-01-22 12:00:00,West,Tablet,25495
518,2024-01-22 13:00:00,South,Mobile,17477
519,2024-01-22 14:00:00,West,Mobile,32902
520,2024-01-22 15:00:00,South,Laptop,35042
521,2024-01-22 16:00:00,West,Laptop,11151
522,2024-01-22 17:00:00,East,Mobile,34203
523,2024-01-22 18:00:00,South,Headphones,13895
524,2024-01-22 19:00:00,East,Headphones,30308
525,2024-01-22 20:00:00,South,Tablet,37076
526,2024-01-22 21:00:00,East,Headphones,17215
527,2024-01-22 22:00:00,East,Laptop,44909
528,2024-01-22 23:00:00,South,Laptop,24806
529,2024-01-23 00:00:00,South,Headphones,19586
530,2024-01-23 01:00:00,South,Laptop,14876
531,2024-01-23 02:00:00,North,Mobile,6389
532,2024-01-23 03:00:00,West,Mobile,38322
533,2024-01-23 04:00:00,North,Headphones,37136
534,2024-01-23 05:00:00,North,Mobile,21084
535,2024-01-23 06:00:00,East,Mobile,49853
536,2024-01-23 07:00:00,South,Tablet,35110
537,2024-01-23 08:00:00,West,Tablet,10558
538,2024-01-23 09:00:00,East,Mobile,9601
539,2024-01-23 10:00:00,North,Headphones,12997
540,2024-01-23 11:00:00,South,Tablet,5158
541,2024-01-23 12:00:00,East,Laptop,11881
542,2024-01-23 13:00:00,South,Laptop,40812
543,2024-01-23 14:00:00,East,Laptop,40986
544,2024-01-23 15:00:00,South,Headphones,47119
545,2024-01-23 16:00:00,North,Mobile,17654
546,2024-01-23 17:00:00,West,Laptop,20039
547,2024-01-23 18:00:00,North,Headphones,12277
548,2024-01-23 19:00:00,West,Tablet,34896
549,2024-01-23 20:00:00,South,Mobile,30873
550,2024-01-23 21:00:00,East,Tablet,33654
551,2024-01-23 22:00:00,North,Headphones,6531
552,2024-01-23 23:00:00,West,Laptop,28497
553,2024-01-24 00:00:00,North,Laptop,6939
554,2024-01-24 01:00:00,West,Headphones,23285
555,2024-01-24 02:00:00,North,Laptop,13892
556,2024-01-24 03:00:00,West,Mobile,29169
557,2024-01-24 04:00:00,West,Headphones,29439
558,2024-01-24 05:00:00,South,Tablet,2782
559,2024-01-24 06:00:00,West,Headphones,35124
560,2024-01-24 07:00:00,South,Mobile,48938
561,2024-01-24 08:00:00,West,Mobile,24864
562,2024-01-24 09:00:00,East,Headphones,2498
563,2024-01-24 10:00:00,East,Headphones,32205
564,2024-01-24 11:00:00,East,Laptop,38744
565,2024-01-24 12:00:00,West,Mobile,9928
566,2024-01-24 13:00:00,South,Headphones,37937
567,2024-01-24 14:00:00,South,Headphones,12836
568,2024-01-24 15:00:00,West,Mobile,9842
569,2024-01-24 16:00:00,East,Headphones,40332
570,2024-01-24 17:00:00,East,Laptop,7946
571,2024-01-24 18:00:00,South,Mobile,38892
572,2024-01-24 19:00:00,East,Laptop,7961
573,2024-01-24 20:00:00,North,Laptop,35087
574,2024-01-24 21:00:00,South,Laptop,11016
575,2024-01-24 22:00:00,East,Laptop,14249
576,2024-01-24 23:00:00,South,Mobile,18014
577,2024-01-25 00:00:00,North,Laptop,35926
578,2024-01-25 01:00:00,South,Laptop,36768
579,2024-01-25 02:00:00,South,Headphones,25450
580,2024-01-25 03:00:00,South,Mobile,35388
581,2024-01-25 04:00:00,South,Mobile,37288
582,2024-01-25 05:00:00,North,Tablet,10713
583,2024-01-25 06:00:00,West,Mobile,36527
584,2024-01-25 07:00:00,South,Mobile,28511
585,2024-01-25 08:00:00,South,Tablet,43349
586,2024-01-25 09:00:00,East,Mobile,35091
587,2024-01-25 10:00:00,South,Mobile,18358
588,2024-01-25 11:00:00,East,Mobile,19126
589,2024-01-25 12:00:00,West,Mobile,13967
590,2024-01-25 13:00:00,North,Tablet,40258
591,2024-01-25 14:00:00,North,Mobile,3634
592,2024-01-25 15:00:00,West,Mobile,17243
593,2024-01-25 16:00:00,North,Tablet,15934
594,2024-01-25 17:00:00,West,Headphones,48275
595,2024-01-25 18:00:00,West,Laptop,10733
596,2024-01-25 19:00:00,West,Headphones,49646
597,2024-01-25 20:00:00,North,Tablet,1641
598,2024-01-25 21:00:00,East,Laptop,18519
599,2024-01-25 22:00:00,West,Tablet,20884
600,2024-01-25 23:00:00,South,Tablet,43403
601,2024-01-26 00:00:00,North,Mobile,46234
602,2024-01-26 01:00:00,West,Laptop,36629
603,2024-01-26 02:00:00,West,Mobile,23467
604,2024-01-26 03:00:00,South,Laptop,41103
605,2024-01-26 04:00:00,East,Tablet,11672
606,2024-01-26 05:00:00,East,Tablet,16890
607,2024-01-26 06:00:00,East,Headphones,3767
608,2024-01-26 07:00:00,West,Laptop,39832
609,2024-01-26 08:00:00,West,Mobile,26667
610,2024-01-26 09:00:00,West,Headphones,21812
611,2024-01-26 10:00:00,North,Headphones,28340
612,2024-01-26 11:00:00,South,Headphones,19490
613,2024-01-26 12:00:00,West,Mobile,44679
614,2024-01-26 13:00:00,South,Headphones,6406
615,2024-01-26 14:00:00,South,Mobile,49296
616,2024-01-26 15:00:00,East,Headphones,40879
617,2024-01-26 16:00:00,North,Mobile,17797
618,2024-01-26 17:00:00,West,Tablet,2511
619,2024-01-26 18:00:00,East,Tablet,44514
620,2024-01-26 19:00:00,East,Tablet,47058
621,2024-01-26 20:00:00,West,Tablet,12238
622,2024-01-26 21:00:00,South,Tablet,29297
623,2024-01-26 22:00:00,East,Headphones,47998
624,2024-01-26 23:00:00,South,Headphones,11620
625,2024-01-27 00:00:00,North,Headphones,9267
626,2024-01-27 01:00:00,South,Mobile,23352
627,2024-01-27 02:00:00,North,Mobile,14203
628,2024-01-27 03:00:00,South,Mobile,1429
629,2024-01-27 04:00:00,East,Mobile,12451
630,2024-01-27 05:00:00,East,Tablet,26539
631,2024-01-27 06:00:00,North,Tablet,49113
632,2024-01-27 07:00:00,West,Tablet,30004
633,2024-01-27 08:00:00,North,Laptop,17938
634,2024-01-27 09:00:00,North,Headphones,49015
635,2024-01-27 10:00:00,South,Mobile,6244
636,2024-01-27 11:00:00,South,Mobile,18784
637,2024-01-27 12:00:00,North,Tablet,42917
638,2024-01-27 13:00:00,East,Mobile,40248
639,2024-01-27 14:00:00,South,Mobile,7569
640,2024-01-27 15:00:00,West,Headphones,42859
641,2024-01-27 16:00:00,South,Tablet,20299
642,2024-01-27 17:00:00,South,Headphones,33710
643,2024-01-27 18:00:00,West,Laptop,28726
644,2024-01-27 19:00:00,North,Laptop,5152
645,2024-01-27 20:00:00,West,Laptop,24823
646,2024-01-27 21:00:00,North,Tablet,42638
647,2024-01-27 22:00:00,North,Mobile,8097
648,2024-01-27 23:00:00,North,Tablet,47593
649,2024-01-28 00:00:00,West,Tablet,37726
650,2024-01-28 01:00:00,North,Mobile,7091
651,2024-01-28 02:00:00,East,Headphones,49614
652,2024-01-28 03:00:00,West,Laptop,26333
653,2024-01-28 04:00:00,East,Headphones,12326
654,2024-01-28 05:00:00,North,Laptop,26917
655,2024-01-28 06:00:00,South,Tablet,19193
656,2024-01-28 07:00:00,North,Laptop,14638
657,2024-01-28 08:00:00,East,Tablet,2669
658,2024-01-28 09:00:00,East,Headphones,19056
659,2024-01-28 10:00:00,West,Tablet,22552
660,2024-01-28 11:00:00,South,Headphones,6813
661,2024-01-28 12:00:00,West,Mobile,8815
662,2024-01-28 13:00:00,East,Mobile,8536
663,2024-01-28 14:00:00,North,Mobile,32278
664,2024-01-28 15:00:00,South,Tablet,28234
665,2024-01-28 16:00:00,North,Mobile,23673
666,2024-01-28 17:00:00,North,Laptop,30903
667,2024-01-28 18:00:00,South,Headphones,1285
668,2024-01-28 19:00:00,West,Headphones,6639
669,2024-01-28 20:00:00,North,Laptop,6844
670,2024-01-28 21:00:00,East,Tablet,19300
671,2024-01-28 22:00:00,North,Tablet,25872
672,2024-01-28 23:00:00,South,Headphones,21038
673,2024-01-29 00:00:00,South,Mobile,15473
674,2024-01-29 01:00:00,South,Tablet,6119
675,2024-01-29 02:00:00,West,Tablet,35204
676,2024-01-29 03:00:00,North,Laptop,37075
677,2024-01-29 04:00:00,West,Laptop,40419
678,2024-01-29 05:00:00,West,Mobile,42761
679,2024-01-29 06:00:00,South,Tablet,45623
680,2024-01-29 07:00:00,South,Tablet,28216
681,2024-01-29 08:00:00,West,Laptop,3736
682,2024-01-29 09:00:00,North,Tablet,16348
683,2024-01-29 10:00:00,East,Headphones,2852
684,2024-01-29 11:00:00,West,Laptop,2432
685,2024-01-29 12:00:00,North,Mobile,11413
686,2024-01-29 13:00:00,South,Laptop,9056
687,2024-01-29 14:00:00,South,Tablet,21800
688,2024-01-29 15:00:00,North,Mobile,5998
689,2024-01-29 16:00:00,East,Laptop,11082
690,2024-01-29 17:00:00,South,Headphones,47133
691,2024-01-29 18:00:00,South,Headphones,10069
692,2024-01-29 19:00:00,South,Laptop,5357
693,2024-01-29 20:00:00,North,Headphones,840
694,2024-01-29 21:00:00,West,Headphones,44449
695,2024-01-29 22:00:00,South,Headphones,17266
696,2024-01-29 23:00:00,West,Mobile,26632
697,2024-01-30 00:00:00,East,Headphones,8991
698,2024-01-30 01:00:00,South,Headphones,638
699,2024-01-30 02:00:00,South,Headphones,858
700,2024-01-30 03:00:00,East,Mobile,10214
701,2024-01-30 04:00:00,South,Laptop,20340
702,2024-01-30 05:00:00,West,Tablet,34895
703,2024-01-30 06:00:00,North,Headphones,31154
704,2024-01-30 07:00:00,West,Laptop,26379
705,2024-01-30 08:00:00,North,Headphones,16496
706,2024-01-30 09:00:00,North,Mobile,38272
707,2024-01-30 10:00:00,West,Laptop,27262
708,2024-01-30 11:00:00,West,Mobile,13783
709,2024-01-30 12:00:00,West,Headphones,39920
710,2024-01-30 13:00:00,West,Headphones,20054
711,2024-01-30 14:00:00,East,Mobile,20719
712,2024-01-30 15:00:00,South,Tablet,35419
713,2024-01-30 16:00:00,North,Mobile,9929
714,2024-01-30 17:00:00,West,Headphones,47340
715,2024-01-30 18:00:00,West,Mobile,45195
716,2024-01-30 19:00:00,West,Tablet,40173
717,2024-01-30 20:00:00,East,Mobile,19718
718,2024-01-30 21:00:00,West,Tablet,12952
719,2024-01-30 22:00:00,West,Tablet,49480
720,2024-01-30 23:00:00,West,Mobile,19451
721,2024-01-31 00:00:00,South,Mobile,1807
722,2024-01-31 01:00:00,East,Laptop,15352
723,2024-01-31 02:00:00,West,Headphones,25732
724,2024-01-31 03:00:00,North,Tablet,35928
725,2024-01-31 04:00:00,North,Laptop,43671
726,2024-01-31 05:00:00,North,Mobile,26985
727,2024-01-31 06:00:00,East,Headphones,10738
728,2024-01-31 07:00:00,East,Laptop,39475
729,2024-01-31 08:00:00,North,Tablet,1640
730,2024-01-31 09:00:00,West,Laptop,25342
731,2024-01-31 10:00:00,East,Tablet,26921
732,2024-01-31 11:00:00,North,Mobile,2208
733,2024-01-31 12:00:00,North,Headphones,4130
734,2024-01-31 13:00:00,West,Headphones,20095
735,2024-01-31 14:00:00,South,Headphones,10985
736,2024-01-31 15:00:00,East,Mobile,28808
737,2024-01-31 16:00:00,West,Tablet,45289
738,2024-01-31 17:00:00,North,Mobile,26586
739,2024-01-31 18:00:00,North,Headphones,17359
740,2024-01-31 19:00:00,West,Mobile,8184
741,2024-01-31 20:00:00,East,Mobile,26052
742,2024-01-31 21:00:00,South,Mobile,1707
743,2024-01-31 22:00:00,South,Tablet,46599
744,2024-01-31 23:00:00,North,Laptop,2460
745,2024-02-01 00:00:00,East,Laptop,1057
746,2024-02-01 01:00:00,South,Mobile,30189
747,2024-02-01 02:00:00,East,Laptop,49151
748,2024-02-01 03:00:00,East,Laptop,14393
749,2024-02-01 04:00:00,North,Mobile,32772
750,2024-02-01 05:00:00,South,Mobile,1382
751,2024-02-01 06:00:00,West,Headphones,38029
752,2024-02-01 07:00:00,North,Laptop,39135
753,2024-02-01 08:00:00,South,Tablet,30035
754,2024-02-01 09:00:00,South,Mobile,13369
755,2024-02-01 10:00:00,South,Headphones,7666
756,2024-02-01 11:00:00,South,Tablet,13482
757,2024-02-01 12:00:00,South,Laptop,41197
758,2024-02-01 13:00:00,East,Headphones,38615
759,2024-02-01 14:00:00,North,Mobile,7769
760,2024-02-01 15:00:00,East,Tablet,28564
761,2024-02-01 16:00:00,West,Mobile,14027
762,2024-02-01 17:00:00,South,Laptop,2954
763,2024-02-01 18:00:00,North,Tablet,21378
764,2024-02-01 19:00:00,South,Laptop,13491
765,2024-02-01 20:00:00,North,Laptop,3308
766,2024-02-01 21:00:00,East,Headphones,39910
767,2024-02-01 22:00:00,North,Mobile,37093
768,2024-02-01 23:00:00,West,Tablet,36804
769,2024-02-02 00:00:00,West,Laptop,30886
770,2024-02-02 01:00:00,North,Laptop,48577
771,2024-02-02 02:00:00,North,Tablet,4302
772,2024-02-02 03:00:00,North,Laptop,29253
773,2024-02-02 04:00:00,North,Headphones,21583
774,2024-02-02 05:00:00,West,Headphones,18854
775,2024-02-02 06:00:00,South,Headphones,22690
776,2024-02-02 07:00:00,North,Headphones,6642
777,2024-02-02 08:00:00,North,Laptop,28898
778,2024-02-02 09:00:00,West,Tablet,42362
779,2024-02-02 10:00:00,West,Tablet,33632
780,2024-02-02 11:00:00,East,Tablet,20003
781,2024-02-02 12:00:00,North,Tablet,48956
782,2024-02-02 13:00:00,East,Mobile,35131
783,2024-02-02 14:00:00,West,Tablet,16999
784,2024-02-02 15:00:00,West,Mobile,40352
785,2024-02-02 16:00:00,South,Mobile,8516
786,2024-02-02 17:00:00,North,Headphones,2884
787,2024-02-02 18:00:00,East,Mobile,15572
788,2024-02-02 19:00:00,West,Laptop,37203
789,2024-02-02 20:00:00,West,Mobile,46395
790,2024-02-02 21:00:00,East,Headphones,14982
791,2024-02-02 22:00:00,South,Mobile,41010
792,2024-02-02 23:00:00,West,Laptop,49433
793,2024-02-03 00:00:00,North,Laptop,22326
794,2024-02-03 01:00:00,West,Laptop,2990
795,2024-02-03 02:00:00,North,Headphones,46592
796,2024-02-03 03:00:00,East,Headphones,26018
797,2024-02-03 04:00:00,North,Tablet,24545
798,2024-02-03 05:00:00,East,Headphones,27410
799,2024-02-03 06:00:00,North,Laptop,25066
800,2024-02-03 07:00:00,East,Laptop,34405
801,2024-02-03 08:00:00,North,Headphones,27603
802,2024-02-03 09:00:00,South,Mobile,36688
803,2024-02-03 10:00:00,North,Headphones,6345
804,2024-02-03 11:00:00,North,Headphones,21662
805,2024-02-03 12:00:00,South,Laptop,37174
806,2024-02-03 13:00:00,West,Tablet,19837
807,2024-02-03 14:00:00,West,Laptop,22813
808,2024-02-03 15:00:00,North,Tablet,27443
809,2024-02-03 16:00:00,South,Laptop,12913
810,2024-02-03 17:00:00,North,Headphones,776
811,2024-02-03 18:00:00,East,Laptop,18111
812,2024-02-03 19:00:00,East,Laptop,39605
813,2024-02-03 20:00:00,North,Laptop,12444
814,2024-02-03 21:00:00,West,Headphones,16406
815,2024-02-03 22:00:00,West,Headphones,21036
816,2024-02-03 23:00:00,North,Headphones,28310
817,2024-02-04 00:00:00,North,Headphones,12806
818,2024-02-04 01:00:00,East,Tablet,11003
819,2024-02-04 02:00:00,West,Tablet,19725
820,2024-02-04 03:00:00,North,Mobile,37476
821,2024-02-04 04:00:00,East,Headphones,12090
822,2024-02-04 05:00:00,West,Tablet,11386
823,2024-02-04 06:00:00,South,Laptop,13366
824,2024-02-04 07:00:00,East,Headphones,1588
825,2024-02-04 08:00:00,West,Mobile,3863
826,2024-02-04 09:00:00,West,Mobile,33292
827,2024-02-04 10:00:00,East,Mobile,10264
828,2024-02-04 11:00:00,South,Laptop,21120
829,2024-02-04 12:00:00,East,Tablet,43227
830,2024-02-04 13:00:00,West,Laptop,13435
831,2024-02-04 14:00:00,North,Headphones,8568
832,2024-02-04 15:00:00,North,Mobile,7795
833,2024-02-04 16:00:00,East,Laptop,41660
834,2024-02-04 17:00:00,West,Laptop,11890
835,2024-02-04 18:00:00,North,Tablet,41716
836,2024-02-04 19:00:00,West,Tablet,20631
837,2024-02-04 20:00:00,East,Mobile,29718
838,2024-02-04 21:00:00,North,Laptop,10933
839,2024-02-04 22:00:00,West,Laptop,15538
840,2024-02-04 23:00:00,North,Tablet,28682
841,2024-02-05 00:00:00,East,Laptop,12028
842,2024-02-05 01:00:00,West,Laptop,21781
843,2024-02-05 02:00:00,North,Laptop,49011
844,2024-02-05 03:00:00,East,Tablet,9105
845,2024-02-05 04:00:00,North,Mobile,35282
846,2024-02-05 05:00:00,North,Headphones,1881
847,2024-02-05 06:00:00,South,Mobile,1598
848,2024-02-05 07:00:00,South,Headphones,20310
849,2024-02-05 08:00:00,East,Laptop,24822
850,2024-02-05 09:00:00,South,Mobile,42369
851,2024-02-05 10:00:00,East,Headphones,33455
852,2024-02-05 11:00:00,South,Tablet,45216
853,2024-02-05 12:00:00,North,Tablet,10707
854,2024-02-05 13:00:00,East,Mobile,22293
855,2024-02-05 14:00:00,East,Mobile,2592
856,2024-02-05 15:00:00,North,Laptop,28720
857,2024-02-05 16:00:00,East,Mobile,19014
858,2024-02-05 17:00:00,East,Laptop,38510
859,2024-02-05 18:00:00,South,Laptop,9049
860,2024-02-05 19:00:00,East,Tablet,22531
861,2024-02-05 20:00:00,West,Tablet,5685
862,2024-02-05 21:00:00,North,Headphones,15771
863,2024-02-05 22:00:00,South,Tablet,6276
864,2024-02-05 23:00:00,South,Tablet,12949
865,2024-02-06 00:00:00,West,Mobile,24797
866,2024-02-06 01:00:00,North,Tablet,41091
867,2024-02-06 02:00:00,North,Headphones,16217
868,2024-02-06 03:00:00,South,Mobile,40623
869,2024-02-06 04:00:00,East,Headphones,39733
870,2024-02-06 05:00:00,South,Tablet,46005
871,2024-02-06 06:00:00,North,Headphones,46592
872,2024-02-06 07:00:00,West,Mobile,10850
873,2024-02-06 08:00:00,South,Laptop,31122
874,2024-02-06 09:00:00,North,Headphones,35823
875,2024-02-06 10:00:00,South,Headphones,3451
876,2024-02-06 11:00:00,East,Mobile,18122
877,2024-02-06 12:00:00,South,Mobile,5227
878,2024-02-06 13:00:00,South,Headphones,38954
879,2024-02-06 14:00:00,North,Tablet,36969
880,2024-02-06 15:00:00,North,Headphones,36048
881,2024-02-06 16:00:00,North,Mobile,24282
882,2024-02-06 17:00:00,South,Laptop,28954
883,2024-02-06 18:00:00,East,Laptop,2868
884,2024-02-06 19:00:00,West,Tablet,16092
885,2024-02-06 20:00:00,West,Headphones,22673
886,2024-02-06 21:00:00,North,Laptop,33704
887,2024-02-06 22:00:00,North,Headphones,36096
888,2024-02-06 23:00:00,South,Mobile,34824
889,2024-02-07 00:00:00,West,Laptop,46632
890,2024-02-07 01:00:00,North,Tablet,24364
891,2024-02-07 02:00:00,East,Mobile,48329
892,2024-02-07 03:00:00,East,Tablet,31250
893,2024-02-07 04:00:00,North,Mobile,11076
894,2024-02-07 05:00:00,North,Laptop,17066
895,2024-02-07 06:00:00,West,Tablet,7690
896,2024-02-07 07:00:00,West,Tablet,23571
897,2024-02-07 08:00:00,South,Mobile,38833
898,2024-02-07 09:00:00,West,Tablet,15869
899,2024-02-07 10:00:00,East,Mobile,24535
900,2024-02-07 11:00:00,East,Mobile,2089
901,2024-02-07 12:00:00,North,Mobile,25735
902,2024-02-07 13:00:00,West,Mobile,659
903,2024-02-07 14:00:00,South,Laptop,12645
904,2024-02-07 15:00:00,East,Mobile,15873
905,2024-02-07 16:00:00,East,Headphones,32421
906,2024-02-07 17:00:00,South,Tablet,39823
907,2024-02-07 18:00:00,South,Headphones,16737
908,2024-02-07 19:00:00,East,Laptop,42471
909,2024-02-07 20:00:00,East,Headphones,8744
910,2024-02-07 21:00:00,South,Tablet,15243
911,2024-02-07 22:00:00,East,Headphones,32066
912,2024-02-07 23:00:00,North,Laptop,46601
913,2024-02-08 00:00:00,North,Mobile,46609
914,2024-02-08 01:00:00,South,Headphones,19191
915,2024-02-08 02:00:00,West,Laptop,34496
916,2024-02-08 03:00:00,South,Laptop,6090
917,2024-02-08 04:00:00,South,Tablet,6085
918,2024-02-08 05:00:00,West,Tablet,9727
919,2024-02-08 06:00:00,West,Headphones,28778
920,2024-02-08 07:00:00,West,Mobile,39314
921,2024-02-08 08:00:00,North,Laptop,12737
922,2024-02-08 09:00:00,East,Headphones,16149
923,2024-02-08 10:00:00,North,Laptop,38213
924,2024-02-08 11:00:00,East,Laptop,8427
925,2024-02-08 12:00:00,North,Mobile,45909
926,2024-02-08 13:00:00,East,Mobile,49266
927,2024-02-08 14:00:00,North,Headphones,46654
928,2024-02-08 15:00:00,West,Mobile,7516
929,2024-02-08 16:00:00,South,Mobile,14527
930,2024-02-08 17:00:00,North,Headphones,49188
931,2024-02-08 18:00:00,East,Mobile,24642
932,2024-02-08 19:00:00,West,Tablet,47020
933,2024-02-08 20:00:00,North,Laptop,24045
934,2024-02-08 21:00:00,North,Laptop,32397
935,2024-02-08 22:00:00,West,Laptop,3667
936,2024-02-08 23:00:00,North,Laptop,45257
937,2024-02-09 00:00:00,South,Headphones,27417
938,2024-02-09 01:00:00,North,Laptop,23236
939,2024-02-09 02:00:00,South,Laptop,28490
940,2024-02-09 03:00:00,South,Laptop,14587
941,2024-02-09 04:00:00,West,Laptop,22940
942,2024-02-09 05:00:00,North,Tablet,35705
943,2024-02-09 06:00:00,West,Laptop,15775
944,2024-02-09 07:00:00,North,Tablet,5776
945,2024-02-09 08:00:00,North,Headphones,42127
946,2024-02-09 09:00:00,East,Mobile,41086
947,2024-02-09 10:00:00,North,Laptop,37996
948,2024-02-09 11:00:00,West,Mobile,19508
949,2024-02-09 12:00:00,South,Mobile,6238
950,2024-02-09 13:00:00,North,Headphones,32902
951,2024-02-09 14:00:00,East,Mobile,6293
952,2024-02-09 15:00:00,West,Tablet,37791
953,2024-02-09 16:00:00,North,Mobile,6071
954,2024-02-09 17:00:00,West,Mobile,31831
955,2024-02-09 18:00:00,East,Mobile,16709
956,2024-02-09 19:00:00,East,Laptop,48514
957,2024-02-09 20:00:00,West,Laptop,25894
958,2024-02-09 21:00:00,North,Tablet,43648
959,2024-02-09 22:00:00,South,Tablet,26182
960,2024-02-09 23:00:00,East,Laptop,2724
961,2024-02-10 00:00:00,North,Tablet,41657
962,2024-02-10 01:00:00,North,Laptop,49195
963,2024-02-10 02:00:00,South,Headphones,44952
964,2024-02-10 03:00:00,East,Mobile,43908
965,2024-02-10 04:00:00,East,Mobile,32941
966,2024-02-10 05:00:00,North,Tablet,41930
967,2024-02-10 06:00:00,North,Laptop,39629
968,2024-02-10 07:00:00,South,Laptop,35216
969,2024-02-10 08:00:00,South,Tablet,45359
970,2024-02-10 09:00:00,East,Laptop,27086
971,2024-02-10 10:00:00,West,Headphones,45260
972,2024-02-10 11:00:00,East,Mobile,23978
973,2024-02-10 12:00:00,North,Tablet,6818
974,2024-02-10 13:00:00,East,Tablet,29194
975,2024-02-10 14:00:00,West,Laptop,20680
976,2024-02-10 15:00:00,South,Tablet,12680
977,2024-02-10 16:00:00,West,Headphones,33502
978,2024-02-10 17:00:00,West,Laptop,15872
979,2024-02-10 18:00:00,West,Laptop,30296
980,2024-02-10 19:00:00,South,Laptop,24927
981,2024-02-10 20:00:00,West,Laptop,33790
982,2024-02-10 21:00:00,West,Headphones,28599
983,2024-02-10 22:00:00,West,Laptop,45986
984,2024-02-10 23:00:00,North,Tablet,10321
985,2024-02-11 00:00:00,West,Headphones,6332
986,2024-02-11 01:00:00,South,Mobile,13320
987,2024-02-11 02:00:00,West,Mobile,16711
988,2024-02-11 03:00:00,West,Tablet,40390
989,2024-02-11 04:00:00,South,Tablet,6342
990,2024-02-11 05:00:00,West,Headphones,1816
991,2024-02-11 06:00:00,South,Mobile,46468
992,2024-02-11 07:00:00,West,Mobile,18008
993,2024-02-11 08:00:00,South,Mobile,22505
994,2024-02-11 09:00:00,West,Mobile,15706
995,2024-02-11 10:00:00,West,Mobile,19471
996,2024-02-11 11:00:00,North,Laptop,26099
997,2024-02-11 12:00:00,North,Tablet,22556
998,2024-02-11 13:00:00,West,Laptop,1878
999,2024-02-11 14:00:00,West,Mobile,2019
1000,2024-02-11 15:00:00,East,Headphones,22661
1001,2024-02-11 16:00:00,South,Headphones,41203
1002,2024-02-11 17:00:00,East,Mobile,39361
1003,2024-02-11 18:00:00,North,Mobile,5855
1004,2024-02-11 19:00:00,North,Headphones,9583
1005,2024-02-11 20:00:00,North,Laptop,38842
1006,2024-02-11 21:00:00,North,Laptop,20956
1007,2024-02-11 22:00:00,West,Mobile,13824
1008,2024-02-11 23:00:00,North,Laptop,2757
1009,2024-02-12 00:00:00,West,Headphones,27864
1010,2024-02-12 01:00:00,West,Laptop,25472
1011,2024-02-12 02:00:00,North,Mobile,46679
1012,2024-02-12 03:00:00,North,Headphones,27154
1013,2024-02-12 04:00:00,South,Laptop,15733
1014,2024-02-12 05:00:00,East,Tablet,16387
1015,2024-02-12 06:00:00,North,Headphones,29820
1016,2024-02-12 07:00:00,South,Headphones,21308
1017,2024-02-12 08:00:00,South,Tablet,30654
1018,2024-02-12 09:00:00,East,Tablet,35273
1019,2024-02-12 10:00:00,West,Headphones,28247
1020,2024-02-12 11:00:00,North,Tablet,11360
1021,2024-02-12 12:00:00,East,Mobile,43338
1022,2024-02-12 13:00:00,North,Mobile,42656
1023,2024-02-12 14:00:00,South,Mobile,18656
1024,2024-02-12 15:00:00,South,Headphones,20860
1025,2024-02-12 16:00:00,West,Tablet,18635
1026,2024-02-12 17:00:00,South,Tablet,25851
1027,2024-02-12 18:00:00,South,Laptop,30999
1028,2024-02-12 19:00:00,East,Laptop,47877
1029,2024-02-12 20:00:00,North,Tablet,24054
1030,2024-02-12 21:00:00,North,Tablet,49631
1031,2024-02-12 22:00:00,East,Tablet,20104
1032,2024-02-12 23:00:00,West,Headphones,17423
1033,2024-02-13 00:00:00,North,Tablet,48091
1034,2024-02-13 01:00:00,South,Laptop,9047
1035,2024-02-13 02:00:00,North,Headphones,44783
1036,2024-02-13 03:00:00,South,Tablet,33502
1037,2024-02-13 04:00:00,West,Laptop,15062
1038,2024-02-13 05:00:00,East,Headphones,7980
1039,2024-02-13 06:00:00,North,Tablet,27172
1040,2024-02-13 07:00:00,East,Tablet,4713
1041,2024-02-13 08:00:00,North,Tablet,10793
1042,2024-02-13 09:00:00,South,Headphones,34941
1043,2024-02-13 10:00:00,East,Laptop,2600
1044,2024-02-13 11:00:00,North,Laptop,45117
1045,2024-02-13 12:00:00,South,Mobile,28672
1046,2024-02-13 13:00:00,East,Tablet,20632
1047,2024-02-13 14:00:00,East,Mobile,18699
1048,2024-02-13 15:00:00,North,Mobile,37109
1049,2024-02-13 16:00:00,North,Laptop,43465
1050,2024-02-13 17:00:00,North,Headphones,8516
1051,2024-02-13 18:00:00,South,Headphones,40279
1052,2024-02-13 19:00:00,North,Laptop,37761
1053,2024-02-13 20:00:00,East,Headphones,32381
1054,2024-02-13 21:00:00,East,Mobile,17558
1055,2024-02-13 22:00:00,North,Tablet,24972
1056,2024-02-13 23:00:00,North,Laptop,41846
1057,2024-02-14 00:00:00,West,Tablet,35426
1058,2024-02-14 01:00:00,East,Headphones,35332
1059,2024-02-14 02:00:00,South,Tablet,36521
1060,2024-02-14 03:00:00,West,Headphones,24587
1061,2024-02-14 04:00:00,North,Headphones,13328
1062,2024-02-14 05:00:00,North,Mobile,31628
1063,2024-02-14 06:00:00,East,Headphones,1901
1064,2024-02-14 07:00:00,North,Mobile,20143
1065,2024-02-14 08:00:00,South,Mobile,15693
1066,2024-02-14 09:00:00,East,Mobile,27353
1067,2024-02-14 10:00:00,North,Laptop,45364
1068,2024-02-14 11:00:00,East,Laptop,20807
1069,2024-02-14 12:00:00,North,Headphones,37482
1070,2024-02-14 13:00:00,North,Mobile,20111
1071,2024-02-14 14:00:00,North,Laptop,44291
1072,2024-02-14 15:00:00,South,Mobile,12450
1073,2024-02-14 16:00:00,South,Tablet,11204
1074,2024-02-14 17:00:00,East,Tablet,43611
1075,2024-02-14 18:00:00,North,Tablet,12367
1076,2024-02-14 19:00:00,North,Headphones,3245
1077,2024-02-14 20:00:00,South,Mobile,4366
1078,2024-02-14 21:00:00,North,Tablet,32745
1079,2024-02-14 22:00:00,South,Laptop,45224
1080,2024-02-14 23:00:00,North,Tablet,6318
1081,2024-02-15 00:00:00,East,Tablet,49361
1082,2024-02-15 01:00:00,North,Tablet,30616
1083,2024-02-15 02:00:00,North,Headphones,15993
1084,2024-02-15 03:00:00,West,Laptop,28538
1085,2024-02-15 04:00:00,South,Mobile,20947
1086,2024-02-15 05:00:00,North,Laptop,30931
1087,2024-02-15 06:00:00,North,Mobile,18408
1088,2024-02-15 07:00:00,West,Headphones,29836
1089,2024-02-15 08:00:00,West,Headphones,41492
1090,2024-02-15 09:00:00,South,Headphones,4525
1091,2024-02-15 10:00:00,West,Headphones,20593
1092,2024-02-15 11:00:00,East,Mobile,6655
1093,2024-02-15 12:00:00,West,Tablet,47107
1094,2024-02-15 13:00:00,East,Mobile,33987
1095,2024-02-15 14:00:00,South,Laptop,48158
1096,2024-02-15 15:00:00,South,Headphones,21463
1097,2024-02-15 16:00:00,South,Headphones,21436
1098,2024-02-15 17:00:00,South,Laptop,4926
1099,2024-02-15 18:00:00,South,Mobile,23803
1100,2024-02-15 19:00:00,East,Tablet,45780
1101,2024-02-15 20:00:00,East,Tablet,28106
1102,2024-02-15 21:00:00,South,Laptop,48332
1103,2024-02-15 22:00:00,West,Tablet,28651
1104,2024-02-15 23:00:00,North,Mobile,14267
1105,2024-02-16 00:00:00,South,Mobile,11808
1106,2024-02-16 01:00:00,West,Laptop,44745
1107,2024-02-16 02:00:00,North,Mobile,46171
1108,2024-02-16 03:00:00,South,Headphones,25270
1109,2024-02-16 04:00:00,South,Laptop,29072
1110,2024-02-16 05:00:00,East,Mobile,41948
1111,2024-02-16 06:00:00,North,Laptop,2704
1112,2024-02-16 07:00:00,North,Tablet,27733
1113,2024-02-16 08:00:00,West,Mobile,22229
1114,2024-02-16 09:00:00,East,Headphones,31631
1115,2024-02-16 10:00:00,East,Mobile,34370
1116,2024-02-16 11:00:00,East,Laptop,38511
1117,2024-02-16 12:00:00,East,Laptop,39882
1118,2024-02-16 13:00:00,North,Mobile,49567
1119,2024-02-16 14:00:00,North,Headphones,41975
1120,2024-02-16 15:00:00,South,Headphones,47181
1121,2024-02-16 16:00:00,South,Headphones,22107
1122,2024-02-16 17:00:00,East,Laptop,25468
1123,2024-02-16 18:00:00,East,Mobile,33898
1124,2024-02-16 19:00:00,East,Tablet,12408
1125,2024-02-16 20:00:00,South,Laptop,26923
1126,2024-02-16 21:00:00,West,Headphones,44115
1127,2024-02-16 22:00:00,West,Mobile,9671
1128,2024-02-16 23:00:00,South,Headphones,13221
1129,2024-02-17 00:00:00,South,Tablet,49929
1130,2024-02-17 01:00:00,South,Headphones,17116
1131,2024-02-17 02:00:00,South,Headphones,43012
1132,2024-02-17 03:00:00,South,Tablet,38958
1133,2024-02-17 04:00:00,South,Mobile,46669
1134,2024-02-17 05:00:00,East,Laptop,8159
1135,2024-02-17 06:00:00,East,Mobile,43869
1136,2024-02-17 07:00:00,East,Tablet,12204
1137,2024-02-17 08:00:00,East,Headphones,33293
1138,2024-02-17 09:00:00,South,Mobile,48652
1139,2024-02-17 10:00:00,West,Laptop,46973
1140,2024-02-17 11:00:00,North,Tablet,31726
1141,2024-02-17 12:00:00,South,Mobile,24352
1142,2024-02-17 13:00:00,North,Laptop,32582
1143,2024-02-17 14:00:00,West,Tablet,23294
1144,2024-02-17 15:00:00,East,Laptop,41920
1145,2024-02-17 16:00:00,West,Tablet,13879
1146,2024-02-17 17:00:00,South,Headphones,7506
1147,2024-02-17 18:00:00,East,Mobile,9182
1148,2024-02-17 19:00:00,South,Laptop,34340
1149,2024-02-17 20:00:00,East,Tablet,32930
1150,2024-02-17 21:00:00,North,Laptop,23591
1151,2024-02-17 22:00:00,North,Laptop,33483
1152,2024-02-17 23:00:00,North,Mobile,24489
1153,2024-02-18 00:00:00,West,Headphones,10415
1154,2024-02-18 01:00:00,South,Laptop,43052
1155,2024-02-18 02:00:00,West,Tablet,19490
1156,2024-02-18 03:00:00,North,Tablet,25234
1157,2024-02-18 04:00:00,South,Headphones,15324
1158,2024-02-18 05:00:00,North,Tablet,36581
1159,2024-02-18 06:00:00,West,Headphones,11533
1160,2024-02-18 07:00:00,West,Tablet,43236
1161,2024-02-18 08:00:00,West,Mobile,16741
1162,2024-02-18 09:00:00,North,Laptop,6439
1163,2024-02-18 10:00:00,South,Mobile,47964
1164,2024-02-18 11:00:00,South,Laptop,48062
1165,2024-02-18 12:00:00,North,Laptop,35563
1166,2024-02-18 13:00:00,South,Laptop,34964
1167,2024-02-18 14:00:00,North,Mobile,11685
1168,2024-02-18 15:00:00,South,Laptop,27545
1169,2024-02-18 16:00:00,East,Mobile,45269
1170,2024-02-18 17:00:00,East,Headphones,47618
1171,2024-02-18 18:00:00,West,Tablet,19667
1172,2024-02-18 19:00:00,East,Tablet,36912
1173,2024-02-18 20:00:00,East,Laptop,22125
1174,2024-02-18 21:00:00,East,Mobile,39688
1175,2024-02-18 22:00:00,North,Tablet,27576
1176,2024-02-18 23:00:00,East,Mobile,45105
1177,2024-02-19 00:00:00,East,Mobile,19529
1178,2024-02-19 01:00:00,West,Laptop,23473
1179,2024-02-19 02:00:00,East,Tablet,39621
1180,2024-02-19 03:00:00,East,Laptop,31933
1181,2024-02-19 04:00:00,South,Laptop,43809
1182,2024-02-19 05:00:00,West,Tablet,2432
1183,2024-02-19 06:00:00,West,Tablet,44754
1184,2024-02-19 07:00:00,West,Headphones,2257
1185,2024-02-19 08:00:00,West,Headphones,31222
1186,2024-02-19 09:00:00,West,Mobile,38353
1187,2024-02-19 10:00:00,West,Tablet,38905
1188,2024-02-19 11:00:00,North,Headphones,1616
1189,2024-02-19 12:00:00,East,Mobile,44027
1190,2024-02-19 13:00:00,West,Mobile,12191
1191,2024-02-19 14:00:00,East,Mobile,992
1192,2024-02-19 15:00:00,East,Headphones,28382
1193,2024-02-19 16:00:00,North,Tablet,9311
1194,2024-02-19 17:00:00,West,Laptop,28308
1195,2024-02-19 18:00:00,South,Mobile,24772
1196,2024-02-19 19:00:00,North,Headphones,28899
1197,2024-02-19 20:00:00,South,Headphones,6974
1198,2024-02-19 21:00:00,East,Laptop,27456
1199,2024-02-19 22:00:00,East,Laptop,47653
1200,2024-02-19 23:00:00,North,Headphones,43006
1201,2024-02-20 00:00:00,North,Tablet,14479
1202,2024-02-20 01:00:00,South,Laptop,45023
1203,2024-02-20 02:00:00,West,Headphones,43065
1204,2024-02-20 03:00:00,South,Laptop,28828
1205,2024-02-20 04:00:00,North,Tablet,47875
1206,2024-02-20 05:00:00,South,Mobile,13367
1207,2024-02-20 06:00:00,North,Laptop,26351
1208,2024-02-20 07:00:00,South,Tablet,31779
1209,2024-02-20 08:00:00,North,Headphones,31027
1210,2024-02-20 09:00:00,North,Laptop,8366
1211,2024-02-20 10:00:00,North,Laptop,15949
1212,2024-02-20 11:00:00,West,Headphones,11185
1213,2024-02-20 12:00:00,South,Mobile,24044
1214,2024-02-20 13:00:00,South,Headphones,5951
1215,2024-02-20 14:00:00,South,Laptop,22142
1216,2024-02-20 15:00:00,North,Headphones,41816
1217,2024-02-20 16:00:00,South,Tablet,40454
1218,2024-02-20 17:00:00,South,Headphones,39370
1219,2024-02-20 18:00:00,North,Laptop,31530
1220,2024-02-20 19:00:00,East,Headphones,31373
1221,2024-02-20 20:00:00,North,Mobile,1119
1222,2024-02-20 21:00:00,South,Headphones,34150
1223,2024-02-20 22:00:00,North,Mobile,25872
1224,2024-02-20 23:00:00,East,Tablet,4142
1225,2024-02-21 00:00:00,North,Mobile,28501
1226,2024-02-21 01:00:00,South,Headphones,34564
1227,2024-02-21 02:00:00,East,Laptop,29790
1228,2024-02-21 03:00:00,West,Mobile,14622
1229,2024-02-21 04:00:00,South,Tablet,25320
1230,2024-02-21 05:00:00,East,Mobile,3395
1231,2024-02-21 06:00:00,East,Mobile,5866
1232,2024-02-21 07:00:00,West,Mobile,9211
1233,2024-02-21 08:00:00,North,Tablet,20096
1234,2024-02-21 09:00:00,North,Headphones,19293
1235,2024-02-21 10:00:00,South,Mobile,8699
1236,2024-02-21 11:00:00,West,Mobile,11217
1237,2024-02-21 12:00:00,North,Laptop,36691
1238,2024-02-21 13:00:00,West,Tablet,10711
1239,2024-02-21 14:00:00,North,Mobile,46050
1240,2024-02-21 15:00:00,East,Tablet,23860
1241,2024-02-21 16:00:00,North,Mobile,22042
1242,2024-02-21 17:00:00,West,Headphones,31812
1243,2024-02-21 18:00:00,East,Headphones,45742
1244,2024-02-21 19:00:00,East,Mobile,36935
1245,2024-02-21 20:00:00,East,Headphones,28747
1246,2024-02-21 21:00:00,West,Mobile,22857
1247,2024-02-21 22:00:00,South,Headphones,41545
1248,2024-02-21 23:00:00,South,Laptop,28191
1249,2024-02-22 00:00:00,South,Laptop,12924
1250,2024-02-22 01:00:00,West,Laptop,19352
1251,2024-02-22 02:00:00,East,Tablet,23101
1252,2024-02-22 03:00:00,South,Tablet,18520
1253,2024-02-22 04:00:00,West,Laptop,8655
1254,2024-02-22 05:00:00,South,Tablet,4083
1255,2024-02-22 06:00:00,North,Headphones,16015
1256,2024-02-22 07:00:00,South,Mobile,37277
1257,2024-02-22 08:00:00,South,Mobile,20210
1258,2024-02-22 09:00:00,East,Mobile,43678
1259,2024-02-22 10:00:00,West,Laptop,25032
1260,2024-02-22 11:00:00,East,Tablet,19101
1261,2024-02-22 12:00:00,East,Headphones,5467
1262,2024-02-22 13:00:00,East,Headphones,19253
1263,2024-02-22 14:00:00,East,Laptop,20522
1264,2024-02-22 15:00:00,East,Headphones,43963
1265,2024-02-22 16:00:00,South,Headphones,9635
1266,2024-02-22 17:00:00,East,Headphones,6222
1267,2024-02-22 18:00:00,East,Headphones,27913
1268,2024-02-22 19:00:00,West,Tablet,27736
1269,2024-02-22 20:00:00,North,Headphones,16014
1270,2024-02-22 21:00:00,South,Mobile,44396
1271,2024-02-22 22:00:00,South,Laptop,37712
1272,2024-02-22 23:00:00,South,Tablet,40886
1273,2024-02-23 00:00:00,East,Headphones,20831
1274,2024-02-23 01:00:00,East,Tablet,18560
1275,2024-02-23 02:00:00,East,Headphones,1696
1276,2024-02-23 03:00:00,West,Mobile,12797
1277,2024-02-23 04:00:00,North,Laptop,3287
1278,2024-02-23 05:00:00,East,Headphones,24316
1279,2024-02-23 06:00:00,North,Headphones,41195
1280,2024-02-23 07:00:00,West,Headphones,20202
1281,2024-02-23 08:00:00,South,Headphones,25742
1282,2024-02-23 09:00:00,East,Laptop,2676
1283,2024-02-23 10:00:00,North,Laptop,20627
1284,2024-02-23 11:00:00,North,Mobile,42060
1285,2024-02-23 12:00:00,East,Laptop,27728
1286,2024-02-23 13:00:00,South,Headphones,20708
1287,2024-02-23 14:00:00,South,Mobile,28982
1288,2024-02-23 15:00:00,South,Mobile,9671
1289,2024-02-23 16:00:00,West,Mobile,35719
1290,2024-02-23 17:00:00,North,Headphones,33896
1291,2024-02-23 18:00:00,North,Tablet,43089
1292,2024-02-23 19:00:00,North,Headphones,41046
1293,2024-02-23 20:00:00,West,Laptop,4196
1294,2024-02-23 21:00:00,North,Laptop,20558
1295,2024-02-23 22:00:00,West,Headphones,20813
1296,2024-02-23 23:00:00,South,Headphones,19649
1297,2024-02-24 00:00:00,East,Mobile,46240
1298,2024-02-24 01:00:00,North,Headphones,41575
1299,2024-02-24 02:00:00,North,Mobile,5456
1300,2024-02-24 03:00:00,South,Laptop,10695
1301,2024-02-24 04:00:00,East,Mobile,17576
1302,2024-02-24 05:00:00,West,Headphones,1605
1303,2024-02-24 06:00:00,East,Laptop,15917
1304,2024-02-24 07:00:00,South,Tablet,25229
1305,2024-02-24 08:00:00,South,Mobile,47456
1306,2024-02-24 09:00:00,East,Laptop,30599
1307,2024-02-24 10:00:00,West,Mobile,33098
1308,2024-02-24 11:00:00,West,Laptop,30461
1309,2024-02-24 12:00:00,North,Laptop,13102
1310,2024-02-24 13:00:00,West,Mobile,9756
1311,2024-02-24 14:00:00,East,Tablet,21084
1312,2024-02-24 15:00:00,South,Laptop,47480
1313,2024-02-24 16:00:00,North,Laptop,35181
1314,2024-02-24 17:00:00,North,Laptop,26292
1315,2024-02-24 18:00:00,South,Tablet,22404
1316,2024-02-24 19:00:00,West,Tablet,43861
1317,2024-02-24 20:00:00,South,Headphones,35040
1318,2024-02-24 21:00:00,West,Mobile,27036
1319,2024-02-24 22:00:00,South,Tablet,19664
1320,2024-02-24 23:00:00,East,Mobile,13496
1321,2024-02-25 00:00:00,West,Headphones,3371
1322,2024-02-25 01:00:00,East,Mobile,46502
1323,2024-02-25 02:00:00,North,Tablet,23126
1324,2024-02-25 03:00:00,South,Mobile,11021
1325,2024-02-25 04:00:00,North,Tablet,43910
1326,2024-02-25 05:00:00,North,Mobile,1632
1327,2024-02-25 06:00:00,North,Tablet,33967
1328,2024-02-25 07:00:00,North,Tablet,15034
1329,2024-02-25 08:00:00,South,Mobile,24354
1330,2024-02-25 09:00:00,North,Headphones,43498
1331,2024-02-25 10:00:00,South,Laptop,39565
1332,2024-02-25 11:00:00,South,Headphones,46107
1333,2024-02-25 12:00:00,East,Mobile,8312
1334,2024-02-25 13:00:00,West,Headphones,5057
1335,2024-02-25 14:00:00,West,Tablet,2679
1336,2024-02-25 15:00:00,South,Laptop,44298
1337,2024-02-25 16:00:00,East,Mobile,9565
1338,2024-02-25 17:00:00,South,Mobile,8775
1339,2024-02-25 18:00:00,South,Mobile,48357
1340,2024-02-25 19:00:00,South,Laptop,36448
1341,2024-02-25 20:00:00,East,Tablet,21200
1342,2024-02-25 21:00:00,West,Mobile,39964
1343,2024-02-25 22:00:00,East,Headphones,42851
1344,2024-02-25 23:00:00,North,Mobile,28294
1345,2024-02-26 00:00:00,East,Mobile,29283
1346,2024-02-26 01:00:00,East,Mobile,17498
1347,2024-02-26 02:00:00,East,Mobile,14369
1348,2024-02-26 03:00:00,East,Tablet,45025
1349,2024-02-26 04:00:00,West,Headphones,28652
1350,2024-02-26 05:00:00,North,Tablet,21454
1351,2024-02-26 06:00:00,West,Headphones,32055
1352,2024-02-26 07:00:00,West,Mobile,17154
1353,2024-02-26 08:00:00,East,Laptop,45526
1354,2024-02-26 09:00:00,South,Tablet,35736
1355,2024-02-26 10:00:00,South,Laptop,47476
1356,2024-02-26 11:00:00,West,Tablet,15542
1357,2024-02-26 12:00:00,West,Mobile,26466
1358,2024-02-26 13:00:00,East,Tablet,48907
1359,2024-02-26 14:00:00,West,Mobile,44814
1360,2024-02-26 15:00:00,East,Tablet,45595
1361,2024-02-26 16:00:00,South,Mobile,14770
1362,2024-02-26 17:00:00,South,Mobile,31408
1363,2024-02-26 18:00:00,North,Headphones,16023
1364,2024-02-26 19:00:00,South,Mobile,47568
1365,2024-02-26 20:00:00,West,Headphones,20491
1366,2024-02-26 21:00:00,South,Mobile,11275
1367,2024-02-26 22:00:00,East,Laptop,12765
1368,2024-02-26 23:00:00,South,Mobile,19959
1369,2024-02-27 00:00:00,North,Laptop,17173
1370,2024-02-27 01:00:00,South,Laptop,27556
1371,2024-02-27 02:00:00,East,Mobile,7114
1372,2024-02-27 03:00:00,East,Laptop,36520
1373,2024-02-27 04:00:00,West,Headphones,7915
1374,2024-02-27 05:00:00,South,Tablet,23655
1375,2024-02-27 06:00:00,East,Mobile,49930
1376,2024-02-27 07:00:00,North,Laptop,44384
1377,2024-02-27 08:00:00,West,Mobile,17464
1378,2024-02-27 09:00:00,North,Headphones,38226
1379,2024-02-27 10:00:00,South,Mobile,37544
1380,2024-02-27 11:00:00,South,Mobile,38044
1381,2024-02-27 12:00:00,South,Laptop,32752
1382,2024-02-27 13:00:00,West,Headphones,4332
1383,2024-02-27 14:00:00,East,Tablet,25775
1384,2024-02-27 15:00:00,West,Tablet,15401
1385,2024-02-27 16:00:00,North,Laptop,38713
1386,2024-02-27 17:00:00,West,Mobile,34648
1387,2024-02-27 18:00:00,North,Laptop,43133
1388,2024-02-27 19:00:00,West,Laptop,23418
1389,2024-02-27 20:00:00,East,Laptop,47194
1390,2024-02-27 21:00:00,North,Mobile,20040
1391,2024-02-27 22:00:00,South,Headphones,12080
1392,2024-02-27 23:00:00,South,Laptop,38902
1393,2024-02-28 00:00:00,West,Mobile,39078
1394,2024-02-28 01:00:00,South,Headphones,25417
1395,2024-02-28 02:00:00,North,Laptop,22818
1396,2024-02-28 03:00:00,South,Tablet,10679
1397,2024-02-28 04:00:00,East,Headphones,12751
1398,2024-02-28 05:00:00,East,Laptop,46399
1399,2024-02-28 06:00:00,West,Headphones,19993
1400,2024-02-28 07:00:00,North,Headphones,20966
1401,2024-02-28 08:00:00,East,Headphones,30706
1402,2024-02-28 09:00:00,East,Headphones,45975
1403,2024-02-28 10:00:00,North,Headphones,20124
1404,2024-02-28 11:00:00,South,Headphones,27064
1405,2024-02-28 12:00:00,South,Laptop,22912
1406,2024-02-28 13:00:00,West,Tablet,28490
1407,2024-02-28 14:00:00,South,Mobile,36017
1408,2024-02-28 15:00:00,North,Headphones,13656
1409,2024-02-28 16:00:00,East,Mobile,23564
1410,2024-02-28 17:00:00,South,Laptop,26211
1411,2024-02-28 18:00:00,West,Headphones,30606
1412,2024-02-28 19:00:00,South,Tablet,17089
1413,2024-02-28 20:00:00,North,Mobile,24236
1414,2024-02-28 21:00:00,West,Headphones,21475
1415,2024-02-28 22:00:00,South,Laptop,36718
1416,2024-02-28 23:00:00,West,Tablet,7714
1417,2024-02-29 00:00:00,North,Mobile,31081
1418,2024-02-29 01:00:00,East,Mobile,20695
1419,2024-02-29 02:00:00,North,Headphones,45082
1420,2024-02-29 03:00:00,North,Tablet,27627
1421,2024-02-29 04:00:00,North,Tablet,5641
1422,2024-02-29 05:00:00,North,Tablet,29384
1423,2024-02-29 06:00:00,East,Tablet,25385
1424,2024-02-29 07:00:00,East,Laptop,3208
1425,2024-02-29 08:00:00,West,Tablet,18875
1426,2024-02-29 09:00:00,South,Mobile,15588
1427,2024-02-29 10:00:00,East,Mobile,45102
1428,2024-02-29 11:00:00,East,Laptop,45546
1429,2024-02-29 12:00:00,South,Mobile,10514
1430,2024-02-29 13:00:00,East,Mobile,3773
1431,2024-02-29 14:00:00,North,Tablet,47635
1432,2024-02-29 15:00:00,North,Mobile,37806
1433,2024-02-29 16:00:00,South,Laptop,31381
1434,2024-02-29 17:00:00,West,Tablet,31986
1435,2024-02-29 18:00:00,West,Headphones,13041
1436,2024-02-29 19:00:00,South,Tablet,9212
1437,2024-02-29 20:00:00,South,Laptop,9668
1438,2024-02-29 21:00:00,North,Tablet,4051
1439,2024-02-29 22:00:00,West,Tablet,12797
1440,2024-02-29 23:00:00,East,Laptop,44233
1441,2024-03-01 00:00:00,North,Tablet,27628
1442,2024-03-01 01:00:00,South,Laptop,3332
1443,2024-03-01 02:00:00,West,Laptop,28983
1444,2024-03-01 03:00:00,East,Headphones,22563
1445,2024-03-01 04:00:00,East,Mobile,23463
1446,2024-03-01 05:00:00,North,Mobile,13922
1447,2024-03-01 06:00:00,West,Tablet,33420
1448,2024-03-01 07:00:00,West,Tablet,11656
1449,2024-03-01 08:00:00,South,Headphones,11608
1450,2024-03-01 09:00:00,West,Headphones,32345
1451,2024-03-01 10:00:00,West,Headphones,3300
1452,2024-03-01 11:00:00,North,Laptop,38578
1453,2024-03-01 12:00:00,West,Headphones,43212
1454,2024-03-01 13:00:00,East,Headphones,3110
1455,2024-03-01 14:00:00,North,Tablet,12567
1456,2024-03-01 15:00:00,North,Headphones,34372
1457,2024-03-01 16:00:00,South,Laptop,11228
1458,2024-03-01 17:00:00,West,Laptop,30066
1459,2024-03-01 18:00:00,South,Tablet,30283
1460,2024-03-01 19:00:00,East,Headphones,21083
1461,2024-03-01 20:00:00,North,Headphones,20738
1462,2024-03-01 21:00:00,North,Laptop,7763
1463,2024-03-01 22:00:00,North,Headphones,2414
1464,2024-03-01 23:00:00,East,Headphones,24249
1465,2024-03-02 00:00:00,East,Headphones,19956
1466,2024-03-02 01:00:00,South,Mobile,26082
1467,2024-03-02 02:00:00,South,Tablet,906
1468,2024-03-02 03:00:00,South,Mobile,14189
1469,2024-03-02 04:00:00,West,Tablet,33434
1470,2024-03-02 05:00:00,North,Laptop,33776
1471,2024-03-02 06:00:00,North,Headphones,36932
1472,2024-03-02 07:00:00,South,Tablet,20373
1473,2024-03-02 08:00:00,North,Mobile,13550
1474,2024-03-02 09:00:00,South,Headphones,1180
1475,2024-03-02 10:00:00,West,Laptop,19408
1476,2024-03-02 11:00:00,West,Tablet,19004
1477,2024-03-02 12:00:00,East,Tablet,22144
1478,2024-03-02 13:00:00,West,Tablet,37625
1479,2024-03-02 14:00:00,South,Headphones,1863
1480,2024-03-02 15:00:00,West,Mobile,42791
1481,2024-03-02 16:00:00,East,Mobile,35560
1482,2024-03-02 17:00:00,North,Tablet,2038
1483,2024-03-02 18:00:00,South,Laptop,36676
1484,2024-03-02 19:00:00,North,Laptop,42020
1485,2024-03-02 20:00:00,East,Mobile,26175
1486,2024-03-02 21:00:00,East,Laptop,18787
1487,2024-03-02 22:00:00,East,Mobile,674
1488,2024-03-02 23:00:00,North,Tablet,27232
1489,2024-03-03 00:00:00,North,Mobile,35498
1490,2024-03-03 01:00:00,North,Mobile,37555
1491,2024-03-03 02:00:00,North,Tablet,12612
1492,2024-03-03 03:00:00,East,Laptop,40374
1493,2024-03-03 04:00:00,East,Mobile,10189
1494,2024-03-03 05:00:00,South,Mobile,45314
1495,2024-03-03 06:00:00,South,Tablet,20055
1496,2024-03-03 07:00:00,North,Laptop,34419
1497,2024-03-03 08:00:00,West,Mobile,8119
1498,2024-03-03 09:00:00,West,Tablet,6533
1499,2024-03-03 10:00:00,East,Mobile,41828
1500,2024-03-03 11:00:00,East,Headphones,5446
1501,2024-03-03 12:00:00,East,Tablet,25118
1502,2024-03-03 13:00:00,South,Laptop,35175
1503,2024-03-03 14:00:00,South,Laptop,36758
1504,2024-03-03 15:00:00,East,Laptop,19419
1505,2024-03-03 16:00:00,East,Laptop,4673
1506,2024-03-03 17:00:00,East,Mobile,44333
1507,2024-03-03 18:00:00,West,Mobile,26900
1508,2024-03-03 19:00:00,South,Laptop,5269
1509,2024-03-03 20:00:00,West,Laptop,38064
1510,2024-03-03 21:00:00,West,Laptop,46314
1511,2024-03-03 22:00:00,East,Mobile,14711
1512,2024-03-03 23:00:00,East,Laptop,23755
1513,2024-03-04 00:00:00,North,Laptop,28462
1514,2024-03-04 01:00:00,North,Headphones,19856
1515,2024-03-04 02:00:00,West,Headphones,20806
1516,2024-03-04 03:00:00,South,Laptop,5497
1517,2024-03-04 04:00:00,East,Tablet,17876
1518,2024-03-04 05:00:00,East,Laptop,41380
1519,2024-03-04 06:00:00,West,Headphones,38555
1520,2024-03-04 07:00:00,North,Tablet,11078
1521,2024-03-04 08:00:00,South,Tablet,19124
1522,2024-03-04 09:00:00,North,Laptop,39694
1523,2024-03-04 10:00:00,North,Headphones,44867
1524,2024-03-04 11:00:00,North,Headphones,889
1525,2024-03-04 12:00:00,North,Tablet,34267
1526,2024-03-04 13:00:00,East,Laptop,46080
1527,2024-03-04 14:00:00,East,Mobile,48867
1528,2024-03-04 15:00:00,North,Mobile,2355
1529,2024-03-04 16:00:00,South,Headphones,41393
1530,2024-03-04 17:00:00,West,Mobile,14294
1531,2024-03-04 18:00:00,South,Headphones,36031
1532,2024-03-04 19:00:00,South,Headphones,5486
1533,2024-03-04 20:00:00,South,Headphones,32798
1534,2024-03-04 21:00:00,North,Mobile,1981
1535,2024-03-04 22:00:00,East,Headphones,4231
1536,2024-03-04 23:00:00,South,Tablet,17335
1537,2024-03-05 00:00:00,North,Laptop,28298
1538,2024-03-05 01:00:00,South,Laptop,26613
1539,2024-03-05 02:00:00,South,Headphones,19977
1540,2024-03-05 03:00:00,North,Laptop,17766
1541,2024-03-05 04:00:00,East,Mobile,21292
1542,2024-03-05 05:00:00,East,Mobile,20952
1543,2024-03-05 06:00:00,West,Laptop,44026
1544,2024-03-05 07:00:00,North,Mobile,49579
1545,2024-03-05 08:00:00,West,Laptop,41834
1546,2024-03-05 09:00:00,West,Laptop,12389
1547,2024-03-05 10:00:00,West,Laptop,24835
1548,2024-03-05 11:00:00,East,Headphones,11754
1549,2024-03-05 12:00:00,North,Laptop,21574
1550,2024-03-05 13:00:00,West,Headphones,11942
1551,2024-03-05 14:00:00,North,Laptop,46789
1552,2024-03-05 15:00:00,North,Laptop,37827
1553,2024-03-05 16:00:00,East,Laptop,16699
1554,2024-03-05 17:00:00,West,Mobile,7791
1555,2024-03-05 18:00:00,West,Headphones,41428
1556,2024-03-05 19:00:00,North,Headphones,612
1557,2024-03-05 20:00:00,South,Laptop,22015
1558,2024-03-05 21:00:00,East,Laptop,20081
1559,2024-03-05 22:00:00,East,Mobile,49192
1560,2024-03-05 23:00:00,East,Mobile,27000
1561,2024-03-06 00:00:00,East,Mobile,32526
1562,2024-03-06 01:00:00,West,Headphones,17023
1563,2024-03-06 02:00:00,West,Headphones,1924
1564,2024-03-06 03:00:00,South,Headphones,20052
1565,2024-03-06 04:00:00,East,Laptop,11308
1566,2024-03-06 05:00:00,East,Headphones,39311
1567,2024-03-06 06:00:00,North,Tablet,7489
1568,2024-03-06 07:00:00,West,Tablet,24120
1569,2024-03-06 08:00:00,East,Mobile,39529
1570,2024-03-06 09:00:00,South,Headphones,1387
1571,2024-03-06 10:00:00,South,Tablet,32302
1572,2024-03-06 11:00:00,West,Mobile,19988
1573,2024-03-06 12:00:00,South,Headphones,30513
1574,2024-03-06 13:00:00,South,Laptop,49701
1575,2024-03-06 14:00:00,West,Tablet,16902
1576,2024-03-06 15:00:00,East,Laptop,21705
1577,2024-03-06 16:00:00,East,Headphones,26549
1578,2024-03-06 17:00:00,South,Tablet,12753
1579,2024-03-06 18:00:00,South,Headphones,19490
1580,2024-03-06 19:00:00,East,Laptop,8346
1581,2024-03-06 20:00:00,West,Tablet,25527
1582,2024-03-06 21:00:00,South,Laptop,39700
1583,2024-03-06 22:00:00,North,Headphones,46720
1584,2024-03-06 23:00:00,West,Headphones,46663
1585,2024-03-07 00:00:00,South,Laptop,4265
1586,2024-03-07 01:00:00,South,Tablet,16450
1587,2024-03-07 02:00:00,North,Laptop,45770
1588,2024-03-07 03:00:00,North,Headphones,10241
1589,2024-03-07 04:00:00,East,Laptop,23242
1590,2024-03-07 05:00:00,West,Headphones,25203
1591,2024-03-07 06:00:00,West,Laptop,39209
1592,2024-03-07 07:00:00,East,Tablet,38123
1593,2024-03-07 08:00:00,West,Tablet,23431
1594,2024-03-07 09:00:00,West,Laptop,24080
1595,2024-03-07 10:00:00,West,Laptop,15666
1596,2024-03-07 11:00:00,West,Tablet,29740
1597,2024-03-07 12:00:00,West,Headphones,26491
1598,2024-03-07 13:00:00,North,Tablet,39056
1599,2024-03-07 14:00:00,West,Headphones,33469
1600,2024-03-07 15:00:00,North,Laptop,11061
1601,2024-03-07 16:00:00,West,Laptop,17401
1602,2024-03-07 17:00:00,East,Headphones,41005
1603,2024-03-07 18:00:00,South,Laptop,30520
1604,2024-03-07 19:00:00,North,Headphones,26417
1605,2024-03-07 20:00:00,West,Mobile,2488
1606,2024-03-07 21:00:00,East,Tablet,48709
1607,2024-03-07 22:00:00,South,Mobile,45005
1608,2024-03-07 23:00:00,North,Headphones,14756
1609,2024-03-08 00:00:00,South,Tablet,22692
1610,2024-03-08 01:00:00,East,Headphones,28730
1611,2024-03-08 02:00:00,North,Tablet,40430
1612,2024-03-08 03:00:00,South,Tablet,46333
1613,2024-03-08 04:00:00,West,Tablet,23125
1614,2024-03-08 05:00:00,North,Tablet,32588
1615,2024-03-08 06:00:00,South,Headphones,14614
1616,2024-03-08 07:00:00,East,Tablet,41667
1617,2024-03-08 08:00:00,East,Tablet,38901
1618,2024-03-08 09:00:00,North,Mobile,6255
1619,2024-03-08 10:00:00,South,Laptop,11325
1620,2024-03-08 11:00:00,North,Laptop,23193
1621,2024-03-08 12:00:00,North,Mobile,4617
1622,2024-03-08 13:00:00,South,Mobile,25229
1623,2024-03-08 14:00:00,South,Headphones,32682
1624,2024-03-08 15:00:00,West,Headphones,29390
1625,2024-03-08 16:00:00,South,Headphones,29840
1626,2024-03-08 17:00:00,East,Mobile,2018
1627,2024-03-08 18:00:00,North,Mobile,31449
1628,2024-03-08 19:00:00,North,Tablet,23047
1629,2024-03-08 20:00:00,East,Headphones,16846
1630,2024-03-08 21:00:00,South,Headphones,3100
1631,2024-03-08 22:00:00,East,Headphones,46505
1632,2024-03-08 23:00:00,East,Laptop,29767
1633,2024-03-09 00:00:00,West,Tablet,36822
1634,2024-03-09 01:00:00,East,Headphones,27490
1635,2024-03-09 02:00:00,North,Headphones,16693
1636,2024-03-09 03:00:00,East,Headphones,30609
1637,2024-03-09 04:00:00,North,Laptop,19733
1638,2024-03-09 05:00:00,North,Laptop,48521
1639,2024-03-09 06:00:00,North,Mobile,16694
1640,2024-03-09 07:00:00,South,Tablet,35010
1641,2024-03-09 08:00:00,West,Mobile,1806
1642,2024-03-09 09:00:00,North,Tablet,4349
1643,2024-03-09 10:00:00,North,Laptop,12860
1644,2024-03-09 11:00:00,South,Headphones,46036
1645,2024-03-09 12:00:00,North,Mobile,29731
1646,2024-03-09 13:00:00,East,Headphones,46300
1647,2024-03-09 14:00:00,East,Mobile,37463
1648,2024-03-09 15:00:00,West,Laptop,19189
1649,2024-03-09 16:00:00,North,Laptop,29584
1650,2024-03-09 17:00:00,South,Laptop,40887
1651,2024-03-09 18:00:00,East,Mobile,9780
1652,2024-03-09 19:00:00,South,Tablet,3142
1653,2024-03-09 20:00:00,South,Mobile,42637
1654,2024-03-09 21:00:00,East,Tablet,14796
1655,2024-03-09 22:00:00,South,Mobile,15938
1656,2024-03-09 23:00:00,East,Mobile,48942
1657,2024-03-10 00:00:00,South,Laptop,38025
1658,2024-03-10 01:00:00,East,Headphones,3494
1659,2024-03-10 02:00:00,North,Headphones,48494
1660,2024-03-10 03:00:00,West,Tablet,34539
1661,2024-03-10 04:00:00,East,Headphones,2313
1662,2024-03-10 05:00:00,East,Mobile,27991
1663,2024-03-10 06:00:00,West,Mobile,19345
1664,2024-03-10 07:00:00,East,Laptop,41743
1665,2024-03-10 08:00:00,East,Laptop,37664
1666,2024-03-10 09:00:00,South,Headphones,42551
1667,2024-03-10 10:00:00,West,Tablet,13818
1668,2024-03-10 11:00:00,North,Headphones,17700
1669,2024-03-10 12:00:00,East,Headphones,582
1670,2024-03-10 13:00:00,West,Headphones,2420
1671,2024-03-10 14:00:00,South,Headphones,41085
1672,2024-03-10 15:00:00,North,Mobile,12183
1673,2024-03-10 16:00:00,West,Tablet,11836
1674,2024-03-10 17:00:00,North,Mobile,16096
1675,2024-03-10 18:00:00,North,Tablet,2593
1676,2024-03-10 19:00:00,North,Laptop,13405
1677,2024-03-10 20:00:00,East,Headphones,24851
1678,2024-03-10 21:00:00,East,Mobile,31481
1679,2024-03-10 22:00:00,South,Tablet,8867
1680,2024-03-10 23:00:00,South,Laptop,5785
1681,2024-03-11 00:00:00,West,Laptop,44164
1682,2024-03-11 01:00:00,South,Headphones,38205
1683,2024-03-11 02:00:00,North,Tablet,17253
1684,2024-03-11 03:00:00,North,Mobile,18985
1685,2024-03-11 04:00:00,East,Headphones,13477
1686,2024-03-11 05:00:00,North,Mobile,20374
1687,2024-03-11 06:00:00,West,Laptop,8174
1688,2024-03-11 07:00:00,North,Mobile,29538
1689,2024-03-11 08:00:00,North,Mobile,29815
1690,2024-03-11 09:00:00,West,Headphones,4176
1691,2024-03-11 10:00:00,South,Mobile,2926
1692,2024-03-11 11:00:00,South,Headphones,24973
1693,2024-03-11 12:00:00,West,Laptop,3462
1694,2024-03-11 13:00:00,East,Headphones,30443
1695,2024-03-11 14:00:00,North,Headphones,1359
1696,2024-03-11 15:00:00,West,Tablet,45316
1697,2024-03-11 16:00:00,North,Mobile,4638
1698,2024-03-11 17:00:00,East,Laptop,35692
1699,2024-03-11 18:00:00,North,Headphones,26140
1700,2024-03-11 19:00:00,West,Laptop,10909
1701,2024-03-11 20:00:00,North,Tablet,4517
1702,2024-03-11 21:00:00,South,Mobile,10951
1703,2024-03-11 22:00:00,East,Headphones,28827
1704,2024-03-11 23:00:00,East,Mobile,10778
1705,2024-03-12 00:00:00,East,Tablet,25444
1706,2024-03-12 01:00:00,West,Tablet,44264
1707,2024-03-12 02:00:00,East,Laptop,1634
1708,2024-03-12 03:00:00,South,Headphones,30631
1709,2024-03-12 04:00:00,West,Laptop,38387
1710,2024-03-12 05:00:00,South,Tablet,38962
1711,2024-03-12 06:00:00,North,Mobile,23020
1712,2024-03-12 07:00:00,North,Laptop,22369
1713,2024-03-12 08:00:00,North,Laptop,37432
1714,2024-03-12 09:00:00,North,Mobile,5539
1715,2024-03-12 10:00:00,South,Laptop,21781
1716,2024-03-12 11:00:00,West,Mobile,47899
1717,2024-03-12 12:00:00,West,Headphones,10942
1718,2024-03-12 13:00:00,East,Mobile,8752
1719,2024-03-12 14:00:00,South,Headphones,28086
1720,2024-03-12 15:00:00,North,Mobile,18068
1721,2024-03-12 16:00:00,South,Tablet,21310
1722,2024-03-12 17:00:00,East,Tablet,2051
1723,2024-03-12 18:00:00,East,Headphones,13125
1724,2024-03-12 19:00:00,South,Headphones,34897
1725,2024-03-12 20:00:00,South,Tablet,26749
1726,2024-03-12 21:00:00,South,Headphones,1861
1727,2024-03-12 22:00:00,West,Mobile,26649
1728,2024-03-12 23:00:00,North,Mobile,4870
1729,2024-03-13 00:00:00,South,Tablet,5783
1730,2024-03-13 01:00:00,South,Laptop,8110
1731,2024-03-13 02:00:00,South,Mobile,43826
1732,2024-03-13 03:00:00,East,Headphones,15424
1733,2024-03-13 04:00:00,East,Laptop,48107
1734,2024-03-13 05:00:00,West,Laptop,45217
1735,2024-03-13 06:00:00,North,Mobile,11126
1736,2024-03-13 07:00:00,West,Mobile,35261
1737,2024-03-13 08:00:00,North,Laptop,1369
1738,2024-03-13 09:00:00,East,Laptop,32052
1739,2024-03-13 10:00:00,East,Tablet,1514
1740,2024-03-13 11:00:00,East,Headphones,10603
1741,2024-03-13 12:00:00,West,Tablet,17486
1742,2024-03-13 13:00:00,South,Mobile,45281
1743,2024-03-13 14:00:00,South,Tablet,30971
1744,2024-03-13 15:00:00,East,Tablet,33958
1745,2024-03-13 16:00:00,South,Tablet,25569
1746,2024-03-13 17:00:00,South,Tablet,17373
1747,2024-03-13 18:00:00,West,Headphones,23748
1748,2024-03-13 19:00:00,North,Headphones,24124
1749,2024-03-13 20:00:00,East,Laptop,44016
1750,2024-03-13 21:00:00,East,Mobile,29561
1751,2024-03-13 22:00:00,West,Tablet,24670
1752,2024-03-13 23:00:00,West,Laptop,8524
1753,2024-03-14 00:00:00,South,Laptop,17178
1754,2024-03-14 01:00:00,East,Laptop,38756
1755,2024-03-14 02:00:00,North,Headphones,20911
1756,2024-03-14 03:00:00,West,Tablet,44303
1757,2024-03-14 04:00:00,North,Tablet,19796
1758,2024-03-14 05:00:00,North,Mobile,26793
1759,2024-03-14 06:00:00,East,Tablet,27672
1760,2024-03-14 07:00:00,East,Tablet,21628
1761,2024-03-14 08:00:00,West,Laptop,18757
1762,2024-03-14 09:00:00,East,Mobile,13355
1763,2024-03-14 10:00:00,East,Tablet,20142
1764,2024-03-14 11:00:00,East,Headphones,36085
1765,2024-03-14 12:00:00,North,Tablet,20525
1766,2024-03-14 13:00:00,West,Laptop,4958
1767,2024-03-14 14:00:00,South,Headphones,5807
1768,2024-03-14 15:00:00,North,Laptop,42201
1769,2024-03-14 16:00:00,East,Tablet,18925
1770,2024-03-14 17:00:00,North,Headphones,43927
1771,2024-03-14 18:00:00,East,Mobile,28773
1772,2024-03-14 19:00:00,East,Mobile,39006
1773,2024-03-14 20:00:00,North,Headphones,6168
1774,2024-03-14 21:00:00,West,Headphones,26434
1775,2024-03-14 22:00:00,East,Laptop,47695
1776,2024-03-14 23:00:00,West,Headphones,8197
1777,2024-03-15 00:00:00,South,Laptop,24917
1778,2024-03-15 01:00:00,East,Tablet,16946
1779,2024-03-15 02:00:00,West,Laptop,41097
1780,2024-03-15 03:00:00,West,Headphones,11251
1781,2024-03-15 04:00:00,South,Headphones,46718
1782,2024-03-15 05:00:00,West,Tablet,7852
1783,2024-03-15 06:00:00,West,Headphones,14016
1784,2024-03-15 07:00:00,South,Headphones,23799
1785,2024-03-15 08:00:00,East,Mobile,32457
1786,2024-03-15 09:00:00,West,Mobile,29427
1787,2024-03-15 10:00:00,West,Tablet,41594
1788,2024-03-15 11:00:00,West,Laptop,36912
1789,2024-03-15 12:00:00,North,Mobile,29993
1790,2024-03-15 13:00:00,South,Laptop,27211
1791,2024-03-15 14:00:00,North,Headphones,8503
1792,2024-03-15 15:00:00,South,Mobile,32207
1793,2024-03-15 16:00:00,East,Tablet,3778
1794,2024-03-15 17:00:00,East,Tablet,7796
1795,2024-03-15 18:00:00,West,Tablet,25898
1796,2024-03-15 19:00:00,South,Mobile,36342
1797,2024-03-15 20:00:00,East,Laptop,13761
1798,2024-03-15 21:00:00,South,Headphones,11673
1799,2024-03-15 22:00:00,East,Laptop,30949
1800,2024-03-15 23:00:00,North,Laptop,41580
1801,2024-03-16 00:00:00,East,Headphones,2137
1802,2024-03-16 01:00:00,North,Headphones,32281
1803,2024-03-16 02:00:00,East,Mobile,14152
1804,2024-03-16 03:00:00,West,Mobile,5603
1805,2024-03-16 04:00:00,North,Mobile,26000
1806,2024-03-16 05:00:00,East,Mobile,35300
1807,2024-03-16 06:00:00,West,Mobile,36029
1808,2024-03-16 07:00:00,North,Headphones,48463
1809,2024-03-16 08:00:00,West,Laptop,18952
1810,2024-03-16 09:00:00,South,Mobile,49893
1811,2024-03-16 10:00:00,South,Mobile,31674
1812,2024-03-16 11:00:00,North,Laptop,35936
1813,2024-03-16 12:00:00,East,Mobile,47906
1814,2024-03-16 13:00:00,North,Laptop,16454
1815,2024-03-16 14:00:00,West,Laptop,17686
1816,2024-03-16 15:00:00,East,Headphones,12856
1817,2024-03-16 16:00:00,South,Tablet,33463
1818,2024-03-16 17:00:00,East,Headphones,2687
1819,2024-03-16 18:00:00,South,Tablet,12207
1820,2024-03-16 19:00:00,East,Tablet,35598
1821,2024-03-16 20:00:00,East,Tablet,27435
1822,2024-03-16 21:00:00,East,Mobile,21725
1823,2024-03-16 22:00:00,West,Headphones,4106
1824,2024-03-16 23:00:00,West,Tablet,33328
1825,2024-03-17 00:00:00,North,Laptop,26989
1826,2024-03-17 01:00:00,North,Mobile,14887
1827,2024-03-17 02:00:00,South,Headphones,4427
1828,2024-03-17 03:00:00,West,Tablet,6796
1829,2024-03-17 04:00:00,South,Laptop,30944
1830,2024-03-17 05:00:00,North,Headphones,46890
1831,2024-03-17 06:00:00,South,Headphones,47393
1832,2024-03-17 07:00:00,North,Mobile,3091
1833,2024-03-17 08:00:00,West,Headphones,45395
1834,2024-03-17 09:00:00,East,Mobile,49016
1835,2024-03-17 10:00:00,West,Tablet,26647
1836,2024-03-17 11:00:00,South,Mobile,39389
1837,2024-03-17 12:00:00,South,Laptop,1700
1838,2024-03-17 13:00:00,West,Mobile,16221
1839,2024-03-17 14:00:00,West,Laptop,19738
1840,2024-03-17 15:00:00,North,Mobile,11587
1841,2024-03-17 16:00:00,South,Headphones,31316
1842,2024-03-17 17:00:00,South,Tablet,23908
1843,2024-03-17 18:00:00,West,Laptop,40240
1844,2024-03-17 19:00:00,East,Mobile,636
1845,2024-03-17 20:00:00,South,Mobile,17913
1846,2024-03-17 21:00:00,East,Mobile,48614
1847,2024-03-17 22:00:00,West,Headphones,19478
1848,2024-03-17 23:00:00,West,Headphones,1161
1849,2024-03-18 00:00:00,North,Laptop,35740
1850,2024-03-18 01:00:00,South,Laptop,27753
1851,2024-03-18 02:00:00,East,Headphones,27384
1852,2024-03-18 03:00:00,North,Laptop,33354
1853,2024-03-18 04:00:00,South,Tablet,11204
1854,2024-03-18 05:00:00,North,Tablet,39487
1855,2024-03-18 06:00:00,West,Headphones,25027
1856,2024-03-18 07:00:00,South,Laptop,16822
1857,2024-03-18 08:00:00,North,Mobile,48017
1858,2024-03-18 09:00:00,North,Tablet,7468
1859,2024-03-18 10:00:00,East,Headphones,28018
1860,2024-03-18 11:00:00,North,Laptop,46864
1861,2024-03-18 12:00:00,South,Headphones,28386
1862,2024-03-18 13:00:00,South,Mobile,2200
1863,2024-03-18 14:00:00,East,Tablet,28746
1864,2024-03-18 15:00:00,South,Headphones,35968
1865,2024-03-18 16:00:00,West,Headphones,23699
1866,2024-03-18 17:00:00,South,Headphones,45089
1867,2024-03-18 18:00:00,South,Mobile,32615
1868,2024-03-18 19:00:00,North,Headphones,6020
1869,2024-03-18 20:00:00,North,Mobile,44778
1870,2024-03-18 21:00:00,South,Mobile,36955
1871,2024-03-18 22:00:00,East,Mobile,21429
1872,2024-03-18 23:00:00,North,Tablet,42105
1873,2024-03-19 00:00:00,East,Tablet,15455
1874,2024-03-19 01:00:00,South,Headphones,44549
1875,2024-03-19 02:00:00,South,Headphones,14417
1876,2024-03-19 03:00:00,West,Tablet,5257
1877,2024-03-19 04:00:00,North,Laptop,13545
1878,2024-03-19 05:00:00,South,Tablet,42180
1879,2024-03-19 06:00:00,West,Mobile,5233
1880,2024-03-19 07:00:00,North,Tablet,31454
1881,2024-03-19 08:00:00,South,Mobile,31635
1882,2024-03-19 09:00:00,South,Headphones,7581
1883,2024-03-19 10:00:00,North,Laptop,41958
1884,2024-03-19 11:00:00,North,Headphones,24001
1885,2024-03-19 12:00:00,North,Mobile,21613
1886,2024-03-19 13:00:00,South,Mobile,34941
1887,2024-03-19 14:00:00,South,Mobile,47586
1888,2024-03-19 15:00:00,West,Laptop,25190
1889,2024-03-19 16:00:00,East,Tablet,44439
1890,2024-03-19 17:00:00,North,Headphones,29845
1891,2024-03-19 18:00:00,South,Headphones,46813
1892,2024-03-19 19:00:00,South,Tablet,45071
1893,2024-03-19 20:00:00,North,Headphones,27329
1894,2024-03-19 21:00:00,East,Laptop,35562
1895,2024-03-19 22:00:00,North,Headphones,4130
1896,2024-03-19 23:00:00,East,Mobile,48361
1897,2024-03-20 00:00:00,South,Tablet,32370
1898,2024-03-20 01:00:00,East,Laptop,49798
1899,2024-03-20 02:00:00,West,Tablet,47721
1900,2024-03-20 03:00:00,South,Laptop,45442
1901,2024-03-20 04:00:00,West,Mobile,3953
1902,2024-03-20 05:00:00,North,Tablet,37775
1903,2024-03-20 06:00:00,North,Headphones,43870
1904,2024-03-20 07:00:00,North,Laptop,38896
1905,2024-03-20 08:00:00,East,Tablet,8828
1906,2024-03-20 09:00:00,South,Headphones,16034
1907,2024-03-20 10:00:00,North,Tablet,20244
1908,2024-03-20 11:00:00,North,Tablet,19889
1909,2024-03-20 12:00:00,South,Tablet,36820
1910,2024-03-20 13:00:00,North,Laptop,49670
1911,2024-03-20 14:00:00,West,Headphones,35510
1912,2024-03-20 15:00:00,South,Mobile,15165
1913,2024-03-20 16:00:00,South,Laptop,38365
1914,2024-03-20 17:00:00,South,Laptop,9140
1915,2024-03-20 18:00:00,West,Laptop,35216
1916,2024-03-20 19:00:00,South,Mobile,26021
1917,2024-03-20 20:00:00,West,Headphones,30549
1918,2024-03-20 21:00:00,South,Headphones,6118
1919,2024-03-20 22:00:00,East,Headphones,37504
1920,2024-03-20 23:00:00,North,Tablet,2420
1921,2024-03-21 00:00:00,East,Tablet,44437
1922,2024-03-21 01:00:00,North,Tablet,4688
1923,2024-03-21 02:00:00,West,Mobile,12707
1924,2024-03-21 03:00:00,East,Tablet,738
1925,2024-03-21 04:00:00,South,Mobile,33472
1926,2024-03-21 05:00:00,North,Headphones,11299
1927,2024-03-21 06:00:00,North,Tablet,6052
1928,2024-03-21 07:00:00,East,Tablet,29416
1929,2024-03-21 08:00:00,West,Laptop,5427
1930,2024-03-21 09:00:00,East,Mobile,28464
1931,2024-03-21 10:00:00,West,Headphones,11664
1932,2024-03-21 11:00:00,West,Laptop,37658
1933,2024-03-21 12:00:00,North,Laptop,19571
1934,2024-03-21 13:00:00,East,Headphones,48909
1935,2024-03-21 14:00:00,East,Laptop,6660
1936,2024-03-21 15:00:00,West,Mobile,16310
1937,2024-03-21 16:00:00,East,Mobile,5626
1938,2024-03-21 17:00:00,South,Tablet,30509
1939,2024-03-21 18:00:00,South,Laptop,34084
1940,2024-03-21 19:00:00,East,Tablet,46682
1941,2024-03-21 20:00:00,East,Laptop,25896
1942,2024-03-21 21:00:00,West,Mobile,692
1943,2024-03-21 22:00:00,South,Mobile,36913
1944,2024-03-21 23:00:00,South,Mobile,13316
1945,2024-03-22 00:00:00,North,Laptop,39582
1946,2024-03-22 01:00:00,West,Mobile,32630
1947,2024-03-22 02:00:00,North,Laptop,40642
1948,2024-03-22 03:00:00,South,Tablet,36968
1949,2024-03-22 04:00:00,West,Laptop,31198
1950,2024-03-22 05:00:00,East,Tablet,11155
1951,2024-03-22 06:00:00,West,Laptop,48397
1952,2024-03-22 07:00:00,East,Tablet,30575
1953,2024-03-22 08:00:00,East,Mobile,9859
1954,2024-03-22 09:00:00,West,Tablet,37161
1955,2024-03-22 10:00:00,East,Mobile,40079
1956,2024-03-22 11:00:00,North,Mobile,42556
1957,2024-03-22 12:00:00,South,Tablet,33772
1958,2024-03-22 13:00:00,East,Laptop,43081
1959,2024-03-22 14:00:00,North,Laptop,15171
1960,2024-03-22 15:00:00,East,Headphones,27548
1961,2024-03-22 16:00:00,South,Laptop,11238
1962,2024-03-22 17:00:00,North,Headphones,26463
1963,2024-03-22 18:00:00,South,Laptop,44454
1964,2024-03-22 19:00:00,South,Laptop,7273
1965,2024-03-22 20:00:00,North,Mobile,37084
1966,2024-03-22 21:00:00,North,Headphones,30394
1967,2024-03-22 22:00:00,North,Laptop,1217
1968,2024-03-22 23:00:00,West,Headphones,12176
1969,2024-03-23 00:00:00,North,Mobile,4934
1970,2024-03-23 01:00:00,North,Mobile,38325
1971,2024-03-23 02:00:00,North,Headphones,29600
1972,2024-03-23 03:00:00,North,Mobile,5494
1973,2024-03-23 04:00:00,East,Tablet,4734
1974,2024-03-23 05:00:00,West,Tablet,4264
1975,2024-03-23 06:00:00,South,Mobile,44449
1976,2024-03-23 07:00:00,North,Tablet,37905
1977,2024-03-23 08:00:00,East,Laptop,35372
1978,2024-03-23 09:00:00,East,Headphones,42715
1979,2024-03-23 10:00:00,East,Laptop,23685
1980,2024-03-23 11:00:00,South,Headphones,43942
1981,2024-03-23 12:00:00,North,Mobile,41653
1982,2024-03-23 13:00:00,West,Laptop,12499
1983,2024-03-23 14:00:00,West,Mobile,36987
1984,2024-03-23 15:00:00,East,Mobile,3081
1985,2024-03-23 16:00:00,South,Headphones,3263
1986,2024-03-23 17:00:00,South,Headphones,27874
1987,2024-03-23 18:00:00,South,Headphones,39259
1988,2024-03-23 19:00:00,West,Laptop,11031
1989,2024-03-23 20:00:00,East,Tablet,25807
1990,2024-03-23 21:00:00,North,Headphones,31335
1991,2024-03-23 22:00:00,West,Headphones,11564
1992,2024-03-23 23:00:00,East,Laptop,11812
1993,2024-03-24 00:00:00,East,Headphones,38048
1994,2024-03-24 01:00:00,North,Laptop,37445
1995,2024-03-24 02:00:00,North,Mobile,48437
1996,2024-03-24 03:00:00,North,Headphones,6976
1997,2024-03-24 04:00:00,South,Headphones,25065
1998,2024-03-24 05:00:00,North,Mobile,2882
1999,2024-03-24 06:00:00,East,Mobile,22963
2000,2024-03-24 07:00:00,North,Mobile,45776
